,Generated Text,Actual Text
0,,CGT - FTS-1 Capacity Auction
1,,Brokerage account for the sale of Rhythms stock
2,,H.Q. Energy Services (U.S.) Inc. ISDA Master
3,,Authorized Trader List
4,,Spot Gas Supply
5,,Market Point Allocations
6,Meeting,def leppard
7,,Aug 15 draft of CEC
8,,FORM CHANGES: READ
9,,Enron Press
10,,Agave 06/00
11,,EWEB
12,,What's Up
13,,CA Energy Issues
14,,August Deficiency Auction - Rescheduled
15,,Foreign Insolvency Procedures
16,,Legal Essentials for Managers Training
17,,AEP_HPL Transition Issues
18,,Confirm for Power Swap
19,,St. Mary's Letter Agreement
20,,Industrial changes
21,,Meeting with John Lavorato
22,,12/29/2000 - MTM
23,,Natrual Gas Release Reporting Requirements for Texas
24,,Do You Accept Credit Cards? [62w3q]
25,Meeting,ENA External Candidates
26,Meeting,Org chart
27,Meeting,TW Options: Answer to protests
28,,MEH
29,,Trading Posting
30,!,A.Word.A.Day--gambit
31,,Canadian Imperial Bank of Commerce
32,En,Aux Sable Contract
33,,"Weekly Report, Roswell Area"
34,,Out today
35,,Adopt a Kid - Reminder
36,,"Attachment for the Special Telephonic Meeting of the Board of Directors of Mariner Energy, Inc."
37,,Policy Comments
38,,"The Morning Market Call - Tuesday October 2nd, 2001."
39,En,Next Week
40,Meeting,An Inbound Message For You Has Been Quarantined
41,,October Deals
42,En,status of GISB negotiations
43,,Sorry I Missed You
44,,Dynegy Canada Inc.
45,,Sutton Bridge swaps
46,,New National Fuel Points
47,En,KeySpan agreements
48,Meeting,TransEnergie CA
49,Meeting,Tennessee Valley Authority - ISDA Credit Worksheet
50,,Lost Creek Docs.
51,,NYISO ICAP Working Group meetings
52,,Happy Holidays!
53,,Enron OnLine Audit Notification
54,r,Laura Bush
55,,EComm
56,En,answer to cpuc protest
57,,Energy Management Agreement
58,,Part-time Schedule
59,,Citygate Production
60,,Index to Index Capacity Charge
61,,Daily meetings
62,,Crude Oil Purchase Agreement
63,,Immediate support
64,,EOL Pricing Algorithm Update
65,,There are reasons why active traders choose Datek...
66,,Message from Carol St. Clair
67,,Jennifer's Shower - RSVP
68,,Jeff Hodge's Election to Vice President
69,En,EGM presentaion and update
70,,Happy Hour
71,,Airline exposure
72,Meeting,Tina Turner
73,,IOU's: Online Trading
74,,Lease Update
75,,Finalization and Execution of ENA/EWEB documentation
76,,SoCal Ideas for Settlement Value
77,,Exchange ratio prices and probability
78,Meeting,"Analyst and Associate dinner, August 17, 2000 at Morton's"
79,,...
80,,Phone call
81,,Responsibilities breakdown for clean-up
82,,Conference Call on Tuesday
83,,NABA Techical Speaking Sessions
84,,Memo to RAC
85,,Bloomberg Fees
86,!,Movement of Forms
87,,Canadian Books
88,Meeting,deals to move
89,,Missing Information
90,,Diane's Bon Voyage
91,,Las Vegas CoGen
92,Meeting,Trader Meeting - 2/7 @ 7:45 a.m. (CST) - ECS 06752
93,En,Salmon Energy Turbine Agreement
94,!,Barry Tycholiz
95,,Dave B
96,Meeting,Paris
97,,Close Relatives!!! 11051
98,En,Senator Rodney Ellis
99,,Lotus Notes
100,,NDA - IntercontinentalExchange
101,,Recent Info on QF Pricing-related Issues
102,En,Enron/Midwest Energy Hub
103,,LCRA Letter
104,AppisedWrov,Gas Indices
105,,So. Cal. Water
106,,RIBFEST -5- (Nov. 3rd)
107,,curve mapping issues on deals
108,,Comments on SoCal GIR Proposed Decision
109,,Nord Pool
110,En,CA rept requirements rehearing denied
111,Meeting,non-terminated deals
112,En,Compensation distribution
113,,Supper Club
114,,Medicine Bow Tie-In Capacity
115,,Trade Option Exemption
116,,Mike Dahlke
117,,"SAVE $15 on Bibi Magazine's New Year's Eve Party.....Just mention ""PURE ENERGY""!"
118,,WARNING: Your mailbox is approaching the size limit
119,,ENE Board Meeting - October 9th - NEW TIME!
120,,NEPOOL mitigation price screen (ER01-2836)
121,,"Money Market Rate list for the week of October 22, 2001"
122,,address
123,,Credit Exposure-Enron Credit
124,En,Siemens negotiations
125,,EES Risk
126,,Cali Scheduling Sheets
127,,"Sale of Napoleonville, LA property, Our file ENR-02"
128,,Central Curves
129,,WORKING GROUP PROGRESS
130,,BNP Paribas Commodity NG MarketWatch fpr 06/21/02
131,,Storage Invoices
132,,California Update--Legislative Push Underway
133,En,97 10 form epc contract
134,Meeting,Hi from your Sister
135,En,WARNING: Your mailbox is approaching the size limit
136,En,Gov's Financial Advisors Run Core/Noncore Numbers and other news from the day
137,,Olsen Home
138,,Project Canary
139,,Mtg w/ Rebecca Mac
140,,Results of Super Saturday
141,,Have tax problems? [tce2i]
142,,"Gulf Canada Resources Limited (""Gulf"") sale to Renaissance"
143,!,Breakfast & Lunch - $5.00 ea
144,Meeting,Enron Harvard cases
145,,California Update--12.12.00
146,,Physical Index positions in NCD
147,,repo agreement
148,,Yaron's Resume
149,,3rd Issue of the New Enron Business!
150,,PREPAYS
151,,Enron Registration
152,,website link
153,,Sweet sixteen scores
154,En,A New View
155,,mdea dephi application
156,,Operations Contacts - Week of March 12
157,,Q4 Plan
158,En,OBA Imbalance Sheet
159,,Co Identifier - business cards
160,,Outstanding DMS requests - week ending June 21
161,,Hoover's & MindBranch Training
162,,"Available Job Opportunities - May 30, 2001"
163,,Great News!
164,,H.Q. Energy Services (U.S.) Inc.
165,,Harassment Training
166,En,REMINDER - OCTOBER 24 BOARD MEETING - REMINDER
167,Meeting,Projects/accomplishments
168,En,412868
169,,Get well soon!
170,,Dynegy Canada Inc
171,,Pipeline Capacity
172,,Colorado Springs Utilities - Sitara # 889014
173,,Winter X Forecast
174,!,Options answer
175,,Enron Advisory Council
176,,Revised Contract
177,,Counterparty Approval Lists for 05/05/00. 05/08/00 and 05/09/00
178,,Sun Customer Lunch in Dallas
179,Meeting,e-mail address
180,,URGENT REQUIRES IMMEDIATE ACTION : Welcome to UBS meeting tomorrow 10.15 am @ the Houstonian
181,,Williams Production RMT Company--Financial Invoices
182,,venture
183,,Chris' Birthday
184,,Meeting with Kimberly-Clark/Enron
185,,Great Airfares from Flycheap.com
186,,Sale of COPEL Shares
187,,Office Update
188,!,Understanding Enron's Business
189,,FERC summary
190,,How Are You?
191,,Project Margaux and Raptor II
192,,NDA
193,Meeting,"Mid-C ""Dart Product""?"
194,,New Cash Approval Tool
195,,NYISO - Web Servers Unavailable
196,,Enpower
197,Meeting,Screw Compressor Site Lease
198,En,WSPP - Definition of Firm Energy
199,r,Transwestern information requests
200,En,Cal. GIR
201,,Blood Drive Update
202,En,3 - URGENT - TO PREVENT LOSS OF INFORMATION
203,,comments on CA solution
204,Meeting,Cargill at Peoples
205,,TW/ Lonestar Ward County intercoonect-----Level-A cost
206,Meeting,Real Deals From Travelocity.com
207,Meeting,EnronOnline's New Initiatives
208,!,Elvis' party
209,,Status of CPUC Proposed Decisions on Direct Access Suspension
210,,Terminating Transco contracts
211,Meeting,GISB
212,,RAC MD and VP Nominations --CONFIDENTIAL
213,En,Power Point Presentations by Krishna
214,Meeting,Question regarding EnronOnline
215,,Houston Young Lawyers Association - Mark Your Calendar
216,,"Please Respond by 12 noon CDT Friday, Sept. 21 -- El Paso Proceeding"
217,,Comments needed: Joyce James (111601) Wright
218,,Regulatory Roundtable Meetings for 2002
219,En,Nathan Thomas
220,Meeting,Enpower
221,,NADA
222,En,"Statoil Marketing & Trading (US) Inc. (""Statoil"")"
223,,Enron OnLine/ENA-PG&E Supplier Agreement
224,,Independent
225,,BCAP
226,,Final Form of Adoption Agreement for Gas
227,Meeting,Deal Discrepancies 12/1/00
228,,Project Update
229,,Protect Your Most Important Investment with Deed Restrictions
230,Meeting,"*EMCA* Thanks to Ben, Hilary, and etc."
231,!,GISB
232,!,More Nagging About the Project
233,,HPL Inventory and Working Capital Calculation Statement Reconciliatioin
234,,Austin
235,,Prices and Imbalance Quantities for August 2000 thru July 2001
236,En,Reviews
237,,NRDC's Proposed Competitive Default Provider Leg for California
238,,Susan Flynn
239,,Trading Attorney in Brazil
240,,ECT Gas Purchase Agreement
241,,Conference Call with Houston
242,,FT-ONT-CENTRAL
243,,Sun Devil update moved to tues 1/15
244,,Recruiting
245,,puppy update
246,En,Space Planning for the new building
247,,*EMCA* Fire Trucks at 1001 Bomar
248,Meeting,New Counterparty
249,,New EOL Products
250,,Web Alumni Directory Correction
251,,1 p.m. Hearing
252,,1 Candidate and 2 interns
253,,Paper and Steel
254,,A&A
255,,Memo to be distributed to Enron North America employees
256,!,Deutsche Bank
257,!,EES Margin Calls
258,,The Columbia Distribution Co.'s Capacity Avail. for Release - November 2001
259,,message part II
260,,Oil Prepay Rollover
261,!,Staff Meeting
262,,Lotus Notes Access
263,,PP&L Alssignment of Trades
264,Meeting,Outage Commercial Review Schedule (2002)
265,Meeting,Louisiana-Pacific Corporation
266,,FALL ECONOMIC OUTLOOK MEETING
267,,Comments by Lynch and Wright and Annual Reg Lawyers' Meeting
268,,Enron Advisory Council
269,,Commitment of Traders
270,En,Revision to Master Netting Forms
271,,financial trading with governmental entities
272,Meeting,Statistics
273,,Departure report 7 May
274,,Tax Question
275,,Force Majeure
276,,FYI
277,,American Central Energy - NO TRADES
278,En,Cash Control Procedures
279,,Congratulations!
280,,Schedule For Territorial Dispute
281,,Kennedy Document
282,,KN Energy Update
283,,PJM Power Demand
284,,Calpine - How'd you like to market services for me?
285,Meeting,Game Tonight
286,Meeting,Accomplishments - First Half of 2000
287,,TW November 2001 Transportation Invoices Outstanding
288,,TAGE Newsletter
289,!,Termination Agreement - CIBC
290,,"Questar Southern Trails Interconnect - San Juan Co., NM"
291,,Energen
292,,Cheryl Nelson - Out of the Office Today
293,,TW Letter
294,,EGM earnings from EOTT transaction
295,,ECC October Meeting & Training Opportunity
296,En,"PIRA's Analysis of Sulfur Dioxide Credit Prices, Oct. 2001"
297,,Potential HR Matter
298,,Transmission
299,,AOL Instant Messenger Confirmation
300,Meeting,Resignation from Enron
301,En,Confidentiality Agreements
302,En,Hey
303,En,URGENT RESPONSE REQUIRED
304,,EnronOnline Legal Due Diligence
305,,Power Indices
306,Meeting,Other book summaries
307,,JOINT VENTURE
308,Meeting,AURORA Version 6.0
309,En,Becoming an Exceptional Leader: manager's training UPDATE
310,,Organizational Announcement
311,,Jan CES deal
312,Meeting,City of Austin Agreement
313,,Tracking Cuts
314,!,Just wanted to let you know.....
315,,VAR Limits
316,,IM WEST Book
317,Meeting,EGM business presentation
318,!,Move to Enron Center South
319,,Deseret
320,,Contract update
321,,3-rivers / King Ranch / HPLR Liquids
322,En,ICE Presentation
323,,Redeployment Candidates
324,,UPDATES
325,,Oglethorpe
326,,NEWGen May release
327,,Crude and product market size
328,,Send Thanksgiving gifts home for the holidays!
329,,Origination Strategy meeting
330,,MAPP/Dynegy PC's
331,,Trading Files and P&L
332,,Master Swap Database
333,,Intercontinental Staffing Group
334,,Princeton Classes
335,,APS Line Loss Payback - 9/21
336,En,ubsenergy.com
337,En,Gallup Compressor Agreements
338,,Operator Error
339,,Enron Corp. ISDA Master Agreements
340,,Virus Hoax
341,,East Power Mid-Market Org. Chart
342,,Kennedy Oil and Enron North America Corp.
343,,"We have closure! (well, sort-of)"
344,,Insurance Companies and Online Trading
345,,"""Postponement"" language to add to confirmations"
346,,SIMULATION PASSWORD
347,,Bay States Invoice
348,,Appropriate people at Enron
349,,Valuable Information - Consulting Club Firm Night 9/20
350,,Sr Legal Specialist Position - Legal Credit Team - CONFIDENTIAL
351,Meeting,Info
352,,SDG&E Advice Letters
353,,October 2001 FERC California Report - Preliminary Ready for Review
354,,Juvenile Diabetes Foundation Fundraising
355,,ECS
356,,NYISO filing update
357,,Thanks for the slides
358,,Enron Wholesale Services Legal Department Monthly Report
359,,Market Changes
360,,Update on FERC Interconnection Meetings
361,,US/Canadian Currency Swaps Online
362,,Merger
363,,"Societe Industrielle de Transports Automobiles (""SITA"")"
364,,Online Derivatives Trading with Regulated Utilities
365,,"Sale of Napoleonville, LA property, Our file ENR-02"
366,,Investment Company Act
367,,HPL and Pan Nat accounting
368,,re-restructuring: energy/communication industry convergence
369,,Explained variance for 12/13
370,En,Stratus CA
371,!,Atlanta
372,,tax loss selling
373,,NYISO - Technical Bulletin # 79 - Generator Committments Due to 24-hour NOx Averaging Requirements
374,Meeting,A.Word.A.Day--waspish
375,,Consensus - Ryan Slinger
376,En,Goals and Objectives
377,,STM - Sales Director Referrals
378,,eSource Presents Free SDC Platinum Training
379,Meeting,EFCU Gets You Connected
380,En,Tenaska III Energy Partners
381,,CNG Fuel Waivers
382,,PennFuture's E-Cubed - Governing a Northeast RTO
383,,"Koch Pipelines Canada, L.P. (""Koch"")"
384,,Book2.xls
385,,"STCA Hour24 Schedule, 10/10/01"
386,En,Monthly Updates
387,,OGS - East Texas Project
388,,ETA Amendment - ANP Marketing Company
389,,Enron Federal Credit Union Stands Ready to Assist You
390,Meeting,"Reliant Energy Services, Inc."
391,,Mary Gosnell
392,En,Electric Compression
393,,hooked on astrology
394,!,word?
395,,Alberta PPA
396,,Good to hear from you!
397,En,Morning!
398,,TW Firm Contract Processing
399,Meeting,EGM business presentation
400,Meeting,Agreements
401,,Curve Data
402,,Houston Ballet's Miller Theater Performance of Coppelia
403,Meeting,11/30 DPR detail
404,Meeting,Foreign legal counsel
405,En,CA Development agreements
406,,A.Word.A.Day--chichi
407,,TW Neg. Rates
408,,Spreadsheet Outlining Counterparty Letters
409,!,Storage model
410,,Draft Amendment Letter
411,En,Calpine Cogeneration Facility(s) relations
412,,# for Massey Call
413,,Checking in...
414,,"NDA - Carr Futures, Inc."
415,,hi
416,,Hello!
417,En,Our Previous Discussion
418,,Ft. Pierce Evaluation
419,,I'm Choked Up
420,,Covanta Confidentiality Agreement
421,r,City Wide Blood Drive Today
422,En,ESA Legal Management Committee Meeting
423,En,Testing of EOL this week
424,Meeting,Sale of the Napoleonvile Land - Final Steps
425,,"EnergyGateway.com, LLC, d.b.a. EnergyGateway"
426,,Order on TW Options
427,!,Hook'em
428,En,well....
429,En,Vintage Gas & List of Potential Bolivian Producers
430,Meeting,In re Doyle Claim Against Underwriters
431,AppWised,New Setoff Language in Isda Forms
432,En,Tasks
433,,"""financial options"" (derivatives) and the Trade Option Exemption"
434,,OFO's For Reliant Energy
435,,Current Rotation info
436,,BAR- HALLOWEEN WEDNESDAY
437,,Problems on Saturday/Sunday
438,En,Enron Nordic
439,Meeting,FYI
440,,Rail
441,,April 2000 spot supply
442,,OGE Energy Resources Termination Letter
443,En,Pompano/Interrogatory Answers
444,,Transco Z6 activity for 13th.
445,,CDWR Draft GISB Agreement
446,,Happy Holidays!
447,,Announcing Outlook Web Access for Houston Outlook Users
448,,Frio River Weekend August 8-11
449,,Idacorp
450,,Letter agreement
451,,Letter
452,,Scholarship for Dr. W.H. Burgess
453,,Transaction Status
454,!,September Newsletter
455,,Staions 3 and 4 air permit comments to EPA
456,,Credit Counterparty Approval List
457,,Cindy Olson said
458,!,PG&E
459,,Master Swap Agreement Access
460,,"ISDA PRESS REPORT - OCTOBER 23, 2001"
461,En,Williams Energy News Live -- today's video newscast
462,,"Public Utility District of Clarke County, Washington"
463,Meeting,Global Operations Controller Forum
464,,SunGard
465,,weekly environmental activity report-Roswell Area
466,En,EPE Hourly Deals 2002
467,,ROCAR Update
468,En,CIBC Assignment of Physical EOL Trades
469,En,Estimates
470,En,"Enron North America Corp. (""ENA"") - General Terms and Conditions (""GTC"")"
471,,October 2nd London Meeting
472,En,The slides
473,,CAISO Notice - CAISO Antivirus Program
474,,NYSRC ICAP W/G conf call 9/18
475,,"NGI Article: Kern River Shippers to See Rate Decrease Oct. 1, More in 2002"
476,,Brief Description of NOxTech & TVA Deal
477,,ENA contract monetizations
478,Meeting,Another redline
479,,Vitro consolidation agreement
480,,Crestar documents and partial assignment to BP
481,,CO-OP CITY - MEETING MINUTES
482,,Conversation with Dave Parquet re: siting bill
483,,Hang in There!
484,En,Fallback Reference Weather Station
485,,Gas Daily pricing 12/30-12/31
486,,Deemed ISDAs
487,En,Long Descriptions - Indexes
488,,Posrep 11 May
489,,A $10 Gift for Your Amazoniversary
490,,My Jeep
491,,"Please Respond Before COB Wednesday, 8/1 -- ENA/EES Comments in RP01-484"
492,Meeting,Change of Addres
493,,Midland Cogen
494,,One more deal change
495,Meeting,Lunch with IT and credit
496,,OpRisk Lunch Cancelled for 3/5 and 3/12
497,,Revised Docs.
498,,sample confirm
499,,Maxwell Museum Update
500,,Financial Trading Agreement Database Link
501,En,Checking in...
502,,EPE Schedules for the past two days
503,,Equity Transactions
504,,Pipeline Dial Up access
505,,Release re Canada
506,,Guess What
507,,"Learn Technical Analysis, Early Bird Special for Houston Class"
508,,how's it going?
509,Meeting,NEWGen February 2002 release
510,,Nanny
511,,Simulation Curves
512,,Fundy's Objectives
513,,DEC physical
514,En,Credit Watch List--3/20/01
515,,REMEMBER - GAMES START ON THURSDAY AT 9:30 AM!!
516,En,Southern Trails Due Diligence
517,,SocalGas Billing Issue
518,,HYDA +1
519,Meeting,[EDIS] Update for holden.salisbury@enron.com
520,,>>>>READ! UBS EMAIL MIGRATION
521,,ENA/Blue Dog: Revised Letter Agreement
522,,"Gas Daily ""four leg"" Booking"
523,,"IntercontinentalExchange, LLC"
524,,Welcome Baby Patterson
525,,Responses to Data Request
526,,TW Global Settlement
527,,First Call
528,,EDI Conference
529,,trade counts for October
530,Meeting,Cyber seminar responses
531,,reorg
532,,Introducing Redesigned Schwab eConfirms(TM)
533,,Algon
534,,Steel approvals
535,,NDA's
536,,Jobs
537,En,Bloomberg NDA Update
538,,"Chicago Midpoint pricing for December 21, 22, and 23, 2000"
539,,Solar Migration - Outage - October 13-14
540,,Override letter
541,En,The Enron Oral History Project Continues
542,,Recruiting/Contract Personnel Services Agreement
543,!,A reminder
544,,Crestar 9/01
545,,West Trading.
546,,Regional Research Projects
547,,Itinerary for trip to RALEIGH
548,Meeting,MG memo
549,Meeting,New Netco Book Requests
550,En,3 - URGENT - TO PREVENT LOSS OF INFORMATION
551,,Accomplishments
552,!,EOL trades doubled up?
553,,Counterparty Approval Lists
554,,UC Pioneers Conservation
555,,"Gas & PoweRisk 2001 Conference, November"
556,,City of Azusa
557,,EES load data
558,,Co Op City EPC contract
559,,Congrats
560,,Weekly meetings
561,,Heights question
562,Meeting,Bullet
563,,Late Homework
564,Meeting,Enron Principal Investments Strategy
565,,HUNTINGDON BOARD MEETINGS
566,,EcoElectrica - Shipping Documents
567,,Forum II - Retreat (The Houstonian)
568,,seattle
569,,Expand Your Business! [uclck]
570,,General Counsel Luncheon
571,,"Remove Andrew S. Fastow from ECT Investments, List of officers"
572,En,Enron - Livingston County PRIVILEGED AND CONFIDENTIAL
573,Meeting,Great Lakes representative
574,En,HR Team Changes
575,,Santa Clara Purchase
576,En,signing
577,,Commercial Teams in ENA
578,,Its Mom
579,,Short at Hot Springs 7/14 thru 7/16
580,,BT Trades
581,,Enron Corp. ISDA Master Agreements
582,,UK and Continental Power DS Report
583,,"Today's Deal with Grupo Petrotemex, S.A. de C.V."
584,En,"NARG user meeting in Sacramento, California"
585,,Update on Intelligent Diagnostics
586,,Ammonia Industry Plant Update
587,,Gallup
588,,Tembec Inc.
589,,KCG-SIX SIGMA SEMINAR
590,,New Power
591,,NYS Reliability Council Executive Committee
592,,HDD Swap between ENA and Aquila Risk Management Corporation
593,,Harvard University Club of Houston - Harvard Forum REMINDER
594,En,Susan Scott
595,,Dresdner Bank
596,,B2B at Enron
597,En,Las Vegas CoGen
598,,More Info: PG&E to Announce Open Season on Redwood and Baja Early Next Week
599,,apt. for rent
600,,World Hunger assignment
601,,Final 8/1/01 Lumber Notification
602,,*PG&E PCG.N> SAYS PACIFIC G&E FILED FOR CHAPTER 11 VOLUNTARY
603,,Legal Online Trading Database
604,!,You the man
605,,JM Huber
606,,November Operational Storage Purchases
607,En,"PNM Loss Charges, Schedule 9"
608,,Contact with Prominent UC Berkeley Energy Economist
609,,Credit Issues
610,Meeting,book request
611,,New Organisation for maximising ENA positions
612,,pretty funny...
613,,New Futures Broker Request - Deutsche Bank
614,,Florida Market Overview
615,,Looking For A Promise?
616,,passport numbers and names
617,,Have we got employees in the right Company?
618,,Monthly 24 Hour Meeting
619,,Needs Improvement
620,Meeting,Delta docs
621,!,Fundy Web Site
622,En,The Enron Oral History Project Continues
623,Meeting,PG&E citygate index N-M
624,,Increasing EOL liquidity in West Basis
625,,Weather Derivatives Audit Report
626,,AW: AW: I am sooo sorry...
627,,e-Risk Management
628,,LIM
629,,Misc
630,,Computer
631,Appised Powerrov,Power Indices
632,,postponed Sun Devil update for Monday 10/29
633,,Year End Performance Reviews
634,,Birthday present
635,,M-day plans
636,En,Deloitte Letter
637,,EBS News
638,,Agreement for McCook
639,,Curricular Review Task Force Report #10 & Draft Educational Goals
640,,Gathering Rates
641,,Williams Holiday Dinner Dance
642,,Top Financial Trading Counterparties
643,,NG Price Affiliate Basis Book Status
644,Meeting,Performance Review
645,,Give up Agreement and Futures Agreement with Bank One
646,,Transaction Summary
647,,Monthly Update
648,Meeting,Hi Jason
649,,New CTPY Request
650,,Price Forecast Update
651,!,Christmas
652,,Paralegal Position
653,En,Supply Contract
654,En,Volunteer Opportunity Meeting
655,,6th Olympiad of the Mind
656,,Credit Watch List--Week of 6/11/01
657,En,Citizens
658,,Entex Gas Resources - Transaction No. 1
659,Meeting,Vacation Days
660,,San Juan control modifications for fuel savings
661,,Urgent - Drugs Test Reminder
662,,AOL Instant Messenger Confirmation
663,Meeting,EFCU Gets You Connected
664,,Repos
665,!,results of football pool
666,,VEPCO PPA.DOC
667,,October ATE report
668,,Report Research
669,Meeting,Budget
670,Appised,Power Indices
671,En,Jane Beatty letter & contract
672,,Additional Information Needed
673,!,Parking
674,,Royal Bank of Canada
675,,Albuquerque Regional Meeting Agenda
676,!,A definition of patience.
677,,FORM CHANGE AGAIN!
678,En,Ken Lay's email to Sen. Brulte
679,!,Waha HubCo
680,,Info for Accounting Offsite
681,,Firm Sales Form
682,,Energy & Power Risk Management Glossary
683,Meeting,Australian counterparties - Guaranty in connection with ISDA Master Swap Agreement
684,,UBS Call
685,Meeting,Click Paper-Southern Company Energy Marketing
686,,Museum Corporate Committee
687,,"San Diego Gas & Electric Co. (""CP"")"
688,,United Way of America's New President and CEO
689,,APX LENGTH FOR 10/25 & ARCO LENGTH FOR 10/24-25
690,,This week's schedule
691,!,meeting re: Tozzini memo
692,,VEPCO
693,,Map
694,,MSCF Advisory Board Membership
695,En,Setoff Language
696,,Release
697,En,Credit Watchlist Faxes
698,,SG Interests V
699,Meeting,The Peoples Gas Light Company
700,,Document and Electronic File Request
701,,EnPower NETCO production Security Role
702,Meeting,Daily Log and Weekly summary log
703,Meeting,US Bandwidth STM-1
704,,Hello from Enron
705,,jeep
706,Meeting,GS&C repo agreement with Enron Credit Inc.
707,,Datacentric Broadband
708,,PGE 2002 Capital Costs and IT Detail
709,,Indo-American Chamber of Commerce of Greater Houston Gala - 6/16/01
710,,Sorry - correction on question # 4
711,,Assistance to Global Counterparty
712,Meeting,Just a reminder
713,,WAHA
714,,Net@Home2001 Highlights
715,,Important - GDI 'Y' Curve Manager Issue
716,Meeting,Hear we go........
717,,Weekly Envoironmental Activity Report
718,Meeting,Stampede Festivities
719,,Broker Quotes - PLEASE READ
720,Meeting,Williams' COGA Presentation
721,,Principal Investment
722,,Cargill NDA
723,,TW Letter Agreement
724,,(MS-76) MEMBER FIRM PRIVILEGES
725,Meeting,Update
726,Meeting,Make them swoon on October 20th!
727,En,RedRock
728,,Enron Corp
729,,2- SURVEY/INFORMATION EMAIL
730,Appised,Power Indices
731,,federal judgeship
732,,"NDA - BEA Systems, Inc."
733,,Updated: Texas General Land Office Management Proposal (conference room change)
734,,Enron Wholesale Services Legal Department Monthly Report
735,r,"Seminole Electric Cooperative, Inc."
736,,PLEASE READ - UH Recruiting
737,Meeting,A&A to be placed
738,,Transfer of Merrill Lynch International Bank FX Business
739,!,Jury Duty - November 28
740,,Sale to EES for April
741,,Enron/Project Tahiti
742,,"Mercado Gas Services, Inc."
743,En,Curves
744,,Length at PGE system for 9/26.
745,Meeting,TP3
746,,MEETING @ 2:00 MT.HOOD
747,Meeting,General
748,Meeting,NG-Price Crude Book Request
749,,Sep 1st. TCO
750,,Meeting w/Sempra
751,,Transfers
752,En,We Can Now Order Office Supplies!
753,r,Upset stockholder
754,Meeting,EOL Bridge
755,En,"Swap Group Meeting - Wednesday, April 4"
756,,I can't believe it.
757,Meeting,8/13
758,Meeting,Revised PG&E letter
759,,January 2000 Settlement Adjustment
760,,Thank you one and all for making the Fed Wire deadline...
761,,WELCOME NEW EMPLOYEES!!!
762,,Ace Insurance Policy
763,,Welcome Note
764,En,"Sale of Fountain Valley Power, L.L.C."
765,,"SEC 13f filing for ECT Investments Inc. as of 12/31/01, submission due 2/14/02"
766,,Some Background on California Gas Price Spikes--The Other Side of the Story
767,,Citizen's Gas/Enron Transaction in Arizon
768,,Agave I/C
769,AppisedWSO,Gas Indices
770,,Congratulations
771,,You asked for questions
772,Meeting,Customers - Getting the Requirements.ppt
773,,Time exceptions for period from Feb 1st thru Feb 15th--PLEASE EMAIL SUZANNE ADAMS
774,!,Allegheny
775,r,TW
776,!,"Enron Credit Inc. (""ECI"") consent"
777,En,Carol St. Clair
778,,Meeting with you
779,,draft
780,En,California's Price Caps Raising Average Cost of Power
781,Meeting,Lunch with your Dad
782,En,Confidentiality Agreement
783,,Southern Company Enregy Marketing Companyq
784,,USDA Grade A prime beef....
785,,Talent Review for Net Works - Time Sensitive
786,,Rockland Electric Transfer to PJM
787,,Solar Migration - Third Notice - Time Change!!!!!
788,,GO ARMY
789,,Morgan Stanley Capital Servides
790,En,Revised Delta Letter Agmt
791,,Work Update
792,Meeting,Picks of the Week--Correction
793,,BPA Cuts
794,!,Petrogulf Corporation
795,,Doorstep Review Process
796,,Peaker price for NGI Chicago Feb
797,,Daily Summary of Risk Data 12/26
798,,EnronOnline Database
799,Meeting,Manlove LOI
800,Meeting,St 30
801,,Monthly Update
802,,"Results from Week ""5"" games"
803,,Weekly Environmental Activity Repor
804,,"""Datek Online Rebate Credit"""
805,En,Farewell
806,,Coding Structure for Revolver Costs
807,,Reminder
808,,Spinnaker language
809,,e-Trans Contract Administration
810,Meeting,Jan Transport
811,,WARNING: Your mailbox is approaching the size limit
812,,tonight
813,,"Credit ""Top Tens"""
814,,Pancanadian Energy Services
815,En,ROW agreement
816,,VP/Above - 2002 Budget
817,,KN Marketing and Onoek
818,,Airline Exposure
819,,Energy USA TPC Corp.
820,En,Revised Letters
821,,EnergyOne Ventures
822,En,Personal News
823,En,I'm Back...
824,Meeting,virus warning for your C Drive
825,,Transfer price agreement
826,,TW-Balance Sheet -info
827,,VEPCO
828,,You OK?
829,,11 September
830,,Long term sale to EES
831,,Accomplishments
832,,High Inventory Notice SWOFO
833,,[smu-betas] Fwd: Beta at SMU
834,,EES/EWS Process Meeting
835,,Canadian Books
836,,Dinner/Going Away Get Together
837,,Special Assets--Enron Executive Services
838,,Mster Agreement
839,,MS 150
840,,May 30 AEI Event Reminder
841,,FORM CHANGES: READ
842,,Wheeling Pitt consignment
843,,PG&E Proposed Solution
844,,New Analyst
845,,"CORRECTION: Outlook Outage - Friday, December 28, 2001"
846,,October 1st Contract Status (as of September 28th @ 5 pm - FINAL)
847,,Northwest Foreign Key Problems
848,,Trip to Brazil
849,,Employee meeting comment
850,,vol book spreadsheets
851,,Materials for Laura Tyson
852,,Credit Derivatives
853,,Positions held by Jeff Skilling
854,,We Are Short at the MidC for 10/11 ALL HOURS
855,,Boston Gas Release
856,,Peoples presentation
857,,"What to do, what to do?"
858,Meeting,An Inbound Message For You Has Been Quarantined
859,,Our Values
860,,Japanese & Australian Products
861,Meeting,EOL
862,Meeting,"Energy NEW Gas Storage Conference - Houston, June 22"
863,,ECC/Fletcher Challenge Acquisition/Assignment
864,,We can still get it there!
865,,November 2001 - Printing and Writing Papers Supply and Demand
866,,2001 Flexible Spending Accounts
867,Meeting,arrival
868,,Best Wishes
869,Meeting,Assignment & Contribution
870,,new associates
871,,Killing physical deals
872,,Organizational Announcement
873,Meeting,Mexicana Economics Worksheet
874,,Sacramento Pres Final 4_13_01(projected).ppt
875,,EES IT FTEs Top 10% Talent / Critical to Retain
876,,Good Seats - Petroleum Engineering for Geoscientists - 9/10-13/01
877,,Sale of Assumption parish property Our File ENR-02
878,,Next Draft of Letter to Dunn
879,,J Aron
880,En,ENA Associate & Analyst Dinner
881,,Call to Discuss California PUC Action
882,,Swapco Documents
883,,New books
884,,Derby Party
885,,Offsite Activity Choices
886,,Summer Energy Conference
887,!,Tenaska IV
888,,Iraq and Crude Output
889,,EnronOnline Book ID
890,,North American Gas Strategies Conference - REDUCED AIRFARE TO CAL GARY
891,,UK Weather Transactions
892,En,Title Search contact
893,En,Prep material for tomorrow's energy committee meeting
894,,Happy Thanksgiving
895,,TE South Pass at capacity
896,Meeting,Citibank's billing wire instructions
897,,Teb's Affidavit
898,,trades for Fri 6/8
899,,TE Outage of the Wilcox Plant
900,,Account Receivables
901,,Co Op City
902,,A Fantastic Gift For DVD Move Users!
903,!,Can you hear me?
904,En,"Sale of Haywood Power I, L.L.C."
905,,BVI Hotel Rooms
906,,Recommendation of Carol Hensley
907,,Energy Committee Minutes from January 23rd
908,,NOTICE OF OPEN SEASON
909,r Approv,prompt index
910,,MISO Registration
911,,Access to Westpower
912,,CES
913,,ESP Reps
914,,Thank You
915,En,Mid-year 2000 Performance Review Process
916,,Work Hours
917,Meeting,Northwestern
918,En,"Brochure, rates etc."
919,,Deal Correction Report - Please Read
920,,POTENTIAL problem path for Sunday
921,,Product Type Approval Needed (US PlasticHDPE Fin Swap)
922,,"Consolidated Edison Company of New York, Inc."
923,,"Short due to lending at PGE System for Wednesday, 10/03."
924,En,hey there
925,,"Ken, Can you help?"
926,,Williams
927,,Option Agreement
928,,NCL - Wildflowers Chapter 2002 Convention Logo Product Sale
929,En,Bank meetings in New York
930,,Anthrax and other Biological Agent Threats
931,!,BETA & Fee Agreement - APB Energy-Europe
932,,Proposed Meeting of Major Energy Trading Houses
933,,Swaption Vols
934,,BIG Michael Berry Oct 11 Fundraiser: YOUR REPLY REQUESTED
935,,How are you?
936,,Product 64664
937,,Solicitation for the position of Vice-Chairperson of the NYISO Operating Committee
938,,Nicor Storage Spreadsheet
939,Meeting,EES CA SCHEDULE for 1/23/02 (REV) and 1/24/02
940,,"CORRECTION: Outlook Outage - Friday, December 28, 2001"
941,,Messaging Administration Group
942,,HERE'S THE VERY BEST
943,,I'd suggest the following:
944,En,Christmas Party
945,Meeting,sempra energy solutions
946,Meeting,Land Sale Legal Risk Memo
947,,Lucky Fares 51 - from 129usd each way
948,,Invitation - Albuquerque Regional Meeting
949,,ferries
950,,Broker Quotes - PLEASE READ
951,,Power Accounting Manager
952,!,Interconnection agreement
953,,Instinet Corporation
954,,Fax
955,,"Municipals (including municipal utilities and other regulated entities) vs. investor owned utilities (""IOUs"")"
956,,CA Instrate Gas matters
957,,Urgently Need Your Response
958,En,Houston City Officials Reception - July 31st
959,,ENA Trading Track Interviews
960,,New Bill Introduced in CA Legislature
961,Meeting,PS
962,,ADEQ Requirement for Notification of Mechanical Activities
963,,Upcoming Lunch
964,,LC Update
965,,"Broadcast Alert: ""Aftermath of a Tragedy...PART 2--AMERICA RECOV ERS!"
966,,New Active X for EOL Website
967,En,New gulf
968,,Texas Children's Hospital Extends Additional Support to Medical C enter Neighbors
969,,Directions form BWI
970,,LJM Statement
971,Meeting,ENA Analysts and Associates
972,,E Speak
973,,Meeting or phone call
974,,PoweRisk 2000 followup in re WeatherDelta
975,,JEDI SPV I equity swap
976,!,My superior intelligence and other IMPLICIT truths
977,,"Global Finance Deals: year-end, quarter-end, year round"
978,En,TW Meeting re Burlington Contracts
979,En,Kern River Bid Letter
980,En,Letter of Resignation
981,Meeting,Enpower to Caps for 10/3/01
982,,Q&A re Antitrust Issues
983,Meeting,Meeting - Discussion Database (With Attachment)
984,,Revised EOL Download - PLEASE USE
985,,NYISO - Virtual Transaction Status
986,,Pure Presentation - 2nd draft
987,En,Quick Update
988,,Tennis
989,,1-URGENT - Outlook Email Notification (new)
990,En,MEETING ON GLOBAL INFO COMMUNICATION
991,,"Frontera for hour ending 7 tomorrow, 9/21"
992,,Memo
993,!,Cogentrix Turbine Inquiry
994,En,Weil Gotshal Meeting
995,,RFP Response
996,r,Good joke
997,,Calpine Capacity Assignment Docs.
998,,Leading Edge Sponsor Resume Drop - Wed. Sept. 12th!
999,,RBB Visit to London
1000,,FINAL REMINDER - CLE - ANTITRUST ISSUES
1001,,Domain name transfer agreement
1002,!,Feb. Invoice
1003,,Gallup Docs.
1004,,A little good news
1005,,Meeting Today @ 2PM
1006,,Cheryl Nelson - Working From Home
1007,,Enron Federal Credit Union Stands Ready to Assist You
1008,,UGI Capacity Release Auction - Total of 7153 DTH/Day
1009,,Global Risk Management Operations Organization Announcement
1010,,SITA
1011,En,Comments
1012,,Paul Kane Resigns
1013,,LNG Contract Questions
1014,,Draft Contract for Plant Protection Service Houston to New Orleans (Jode Corp)
1015,,Counterparty Approval List for 10/31/00
1016,En,FINAL Comments
1017,,Wyoming Interstate Company Motion -- JM Huber Producer Netback Deal
1018,,Severance
1019,,Following up on John Doerr's Introduction
1020,,Urgent - Drugs Test Reminder
1021,,Demand Letters
1022,,Paycheck Fiasco
1023,,VEPCO
1024,En,The Enron Oral History Project Continues
1025,,"Amendment of Chase/ERMS ISDA dated April 5, 1994"
1026,,Thanks for the disaster support
1027,,Power shortage shifts attitudes --Davis Plummets in Polls
1028,Appised Powerrov,Power Indices
1029,,Instructions for Exit Interview
1030,!,Committee Meeting Poll
1031,,"Patricia's B-day party, Charlie's B-day and House warming (NOT A DELL SPONSORED EVENT)"
1032,,Large Counterparty contracts
1033,,Democratic National Congressional Election Committe Starts Adds in California
1034,,Notification of Dynegydirect New User ID
1035,,"Unocal, Tesoro, Pioneer, Equiva, Reliant to Provide Opening-Day Insights at IE2001"
1036,,TEKsystems
1037,,Conoco Memo
1038,,LAST CALL: RACE REGISTRATION - 20K and Relay
1039,Meeting,Revised ENW Spend Analysis
1040,,OI
1041,,Draft of EPMI Response Letter to TVA
1042,Meeting,2002 Blanco Hub O&M Budget
1043,,PSCO
1044,,Length scheduled to load for offpeak on monday
1045,Meeting,Boston Gas
1046,Meeting,Draft term sheet for oil-power spread option pruchase from FPL
1047,,Security vs Risk
1048,Meeting,Update 12/27/2001
1049,,Donor Appreciation Event
1050,En,EOL Spreadsheets
1051,!,In Calgary Office - February 7 and 8
1052,,Severance
1053,,"The Morning Market Call - Monday September 24th, 2001."
1054,Meeting,My availability
1055,,"Lending at PGE System for Tuesday, 09/25/01."
1056,,Price Letter
1057,,"PLEASE RESPOND BY FRIDAY, 10/5 -- El Paso Comments RP00-336"
1058,,Free agents
1059,!,Gas Agreement
1060,,Columbia assignment
1061,,Dec 2000
1062,,Q4 Plan
1063,,Assistant Trader Position Open
1064,,new bldg- book space- library?
1065,Meeting,EOL-Sandra Brawner
1066,,Expense Reports Awaiting Your Approval
1067,,Job Market
1068,,Response to RFP
1069,En,D Parsons
1070,,URGENT REQUIRES IMMEDIATE ACTION : Welcome to UBS meeting tomorrow 10.15 am @ the Houstonian
1071,En,We Can Now Order Office Supplies!
1072,,Pueblo: CONFIDENTIAL
1073,Meeting,Facility agreements for LM's/Agency arrangement
1074,En,MidAmerican Gas Purchase Payment
1075,,LC Question
1076,En,EPNG ROFR Process
1077,,Start Date for George Huan
1078,,West Power Prepays
1079,,Conflict of Interest Policy Mailing to Vendors
1080,,Hi
1081,,Change order
1082,Meeting,Clorox & Ivex CA
1083,,Need Information for Audit
1084,,Thursday Night
1085,,Setting up DBAs and Divisions
1086,,Important Message RE: Weekly Activity Reports ending 11/23/01.
1087,,October 26 Corporate HR Leadership Team Meeting
1088,,Reuters story on Dynegy 3Q earnings
1089,,Land Option
1090,,Ship Demurrage Claim
1091,,PEAK 2001A RFP
1092,Meeting,System outage nomination impact
1093,!,Breakfast & Lunch - $5.00 ea
1094,,Cuts for the weekend 4/7/01 - 4/9/01
1095,Meeting,Great Lakes representative
1096,,Entex Adjustments for 5/00
1097,En,VEPCO
1098,,Organizational Announcement
1099,,Agreement for Prime Brokerage Clearance Services
1100,,Southern Trails Due Diligence
1101,Meeting,1/5/00 P&L
1102,Meeting,Associate PRC
1103,,Emerson Electric Co.
1104,,Weekly Environmental Activity Report-Roswell Area
1105,Meeting,PPW THIS WEEK
1106,En,help finding finance work
1107,,"ISDA PRESS REPORT - NOVEMBER 7, 2001"
1108,!,*******Microsoft Outlook Outage**********
1109,,New orig schedule for Central
1110,,Philippe Bibi
1111,,ISC - Customer Service Survey
1112,,Sizable staff of 245 lawyers in merger limbo
1113,,FYI
1114,,Data Request for 637 filing
1115,Meeting,TAG TEMPLATES
1116,,Lunch
1117,,Please call me with your questions
1118,,Books
1119,En,W. Virginia office
1120,,How Are Your Investments Doing Today?
1121,,Publication Schedule for DPR During Holiday Period
1122,,"Transfer and Assignment of Enron North America Corp. (""ENA"") accounts to Enron Credit Inc. (""ECI"")"
1123,,Enron Situation and Technology For All: A Note from Will Reed
1124,,JDF Kick-Off Luncheon
1125,,Notice of Special Telephonic Meeting of the Executive Committee
1126,,NYISO - Generation in Response to Price Signals
1127,Meeting,November Nom. Letter
1128,Meeting,Ted Huss
1129,,RDI Newsletter-The third edition of Inside RDI is now online!
1130,,Superior Natural Gas - confirmation
1131,,Updated Tariff Sheets
1132,,Revised Sierra Confirm
1133,,Contact List
1134,,ETS and Corporate Change Control
1135,,9-11 Reports
1136,Meeting,Japan Website
1137,,Thanks for the memories
1138,,Request for a meeting with Cordell Hull
1139,!,"New Waskom Gas Gathering, Inc."
1140,Meeting,Fuel Cell
1141,,TW Options Update: Dynegy meeting
1142,,"NDA - Gulf South Pipeline Company, LLC"
1143,,Jennifer's Wedding Shower
1144,,"Demo of the new ""ERMS-PC"""
1145,,NADA
1146,,THIS WEEKEND'S TUTS EVENT
1147,,ENRON COMPRESSION SERVICES DEAL
1148,,Work Flows Meeting
1149,En,EGM briefing presentaion
1150,,EnronCredit.com
1151,En,Congratulations on New Role
1152,,URGENT REQUIRES IMMEDIATE ACTION : Welcome to UBS meeting tomorrow 10.15 am @ the Houstonian
1153,,Enron Center Garage
1154,,ANR ML5
1155,,Trco Space for August - update
1156,,official post id's
1157,Meeting,Napoleonville Storage No. 1
1158,,Hey
1159,,"LNG/C""HOEGH GALLEON"" - ETA LAKE CHARLES"
1160,Meeting,SWGas Proposal
1161,Meeting,Bullets 09/15/200
1162,,Revised LOI - TFS Energy
1163,,Post Closing Survey for Napoleonville Property
1164,,Into Cinergy Strawman Proposal
1165,!,BASEBALL GAME!
1166,!,Game tonight @ 7:00
1167,,Your Requested Information
1168,,NR2989.1
1169,En,Executing Broker Agreements
1170,,Filing Cabinet Space
1171,,Industrial Plan
1172,Meeting,Weekly Report for Gas Logistics
1173,,Junior Achievement Class
1174,!,hi Jason
1175,,Midtex
1176,,Agenda and Speaking Points for October 24 Engagement
1177,,Utility Term Sheet Form 1
1178,,"Price List Week of May 28-June 1, 2001"
1179,,Employee Severance
1180,,Travel plans
1181,,NEPCO price
1182,,This Saturday--FORD TAILGATE in HAAS COURTYARD
1183,,TW Capacity Options
1184,,ISDA 2000 Supplement to the 1993 Commodity Derivatives Definitions
1185,En,Confirms
1186,,Meeting Reminder - NPCC OSS Users Group - 12/01
1187,,Smurfit Stone Containerboard 3 month extension attached
1188,,eol products
1189,,Your campus visit
1190,,EEOS
1191,,DAILY POS. REPORT
1192,,"Pipeline Profile, Dashboard Alerts Testing Presentation"
1193,,Merrill Lynch Capital
1194,En,Various Topics
1195,,HTC Energy Symposium
1196,,Surgery
1197,Meeting,Kennedy Oil (Deal # 1178533) - Discrepancies
1198,,Upcoming Season
1199,,Correction to PG&E Spread Trade
1200,,Demand Buy-down
1201,,EOL agreements for Louis Dreyfus Plastics Corp.
1202,En,Transco Rate Case
1203,,Derivatives II
1204,Meeting,KRBE Earth Day Concert & BUZZFEST line-ups
1205,,FuelCell Contract
1206,,July 30th Cookout for OU Interns and Full-time Hires
1207,Meeting,Delivery Status Notification (Relay)
1208,,Agreement
1209,,how is the new building?
1210,En,Checking In
1211,,Indian Point 2
1212,,pge short
1213,,Local Production for June
1214,En,Status of Online Amendments
1215,,Legal assistant Position
1216,,"paperloop daily news for Thursday, Nov. 8, 2001"
1217,En,Online Trading Product Descriptions
1218,!,Squaw Valley Discount Tickets
1219,,Dynegy Marketing and Trade
1220,,PLEASE DISREGARD THE PREVIOUS E-MAIL RE: MC EXTENDED MEETING
1221,,TXU LSP Friday Holiday - Revised
1222,,My check
1223,,Blazer Tickets
1224,,Expense Reports Awaiting Your Approval
1225,,EnronOnline Quotes on TRUEQUOTE
1226,,Weekly Activity Report Roswell Area
1227,,"Downtown Historic District ""Restoration Ball,"" December 1st"
1228,,Flexible Spending Accounts
1229,Meeting,New West Curves
1230,,hey
1231,,storage
1232,,Girls Inc.
1233,,Proposed generation
1234,Meeting,El Paso
1235,!,Hola
1236,,Southwest Region Environmental Roundtable Oct. 16-18
1237,,American Heart Walk
1238,!,Deutsche Bank guaranty
1239,,EOL Legal Database
1240,,CHF Leadership Forum Actions Plans and Follow-up
1241,,"Moody's Basis for Placing Enron Securities on ""Review for Downgrade"""
1242,,Master Gas Agreement
1243,r,Greg Wolfe Departure
1244,,New Car Info
1245,Meeting,TP3
1246,,Cash analysis spreadsheet
1247,Meeting,Address Info
1248,,Replay Available for Power Generation Conference Call
1249,Meeting,Enron
1250,,upcoming PRC
1251,Meeting,8/16 Business Unit EOL Crude Violations
1252,,Final - CNG to EOG January 2000 deliveries (Revised)
1253,,Expense Reports Awaiting Your Approval
1254,,TW Options
1255,,Reference Market - makers
1256,,Merger Transition Teams
1257,,PortRAC Update
1258,Meeting,A.Word.A.Day--purple passage
1259,,Data Room Index
1260,,"CORRECTION: Outlook Outage - Friday, December 28, 2001"
1261,,EventAmerica Intro & Offer
1262,,More football and bbq
1263,En,Counterparty Approval List for 5/4/00
1264,,Enron Multi-Product Guaranty
1265,,Drafting Committee for the Contracts Sub-Committee
1266,,Thank you!!!
1267,,Charles' Christening
1268,,Meeting with Mr. Idei
1269,En,Canceled: Pipeline profile pricing view testing team
1270,,An Important Reminder
1271,,Enron Wholesale Services - Investment Watch Report
1272,,FYI
1273,,Subsidiary Equity or Phantom Equity
1274,,"Energy New England LLC (""ENE"")"
1275,Meeting,Protests of utility market-based rates
1276,,"Tractebel Energy Marketing, Inc."
1277,,Arco Heads Up
1278,En,Continuation of Assignment of Capacity
1279,,CIBC World Markets Plc
1280,,NYS Reliability Council Executive Committee
1281,,hello
1282,,REMINDER -- TIME CHANGE --EGM Organizational Post Petition Meeting
1283,,TSH Contract
1284,Appisedrov,"PennFuture's E-cubed -- Price, Policy and Misperception"
1285,,Proposal
1286,,results of football pool
1287,Meeting,Body Shop Security Access
1288,En,Missing Transmission Deals
1289,,Consulting arrangement with Prof. Sheridan Titman from UT
1290,En,COUNTERPARTIES NOT IN THE FINANCIAL TRACKING SYSTEM
1291,,Park City Bound
1292,,JP Morgan Securities Inc. (Electronic Order)
1293,,Manlove monetization
1294,Meeting,MOS
1295,,Update on Credit Card Use and Company Expenses
1296,,PEP System
1297,,Maureen Raymoin'ds Review
1298,,newsletter deadline
1299,En,"Sovereign Bond Spreads, 31 August 2001"
1300,,Constellation Power Source - Reserve Deal #764846
1301,r,E-Enron
1302,En,Guaranty Status
1303,,Ontario Synthetic Storage
1304,En,Q3 Call Option
1305,,TW Compressor Monetization
1306,!,Returning your call
1307,,FTEnergy
1308,,Merry Christmas
1309,Meeting,Demand Charges
1310,Meeting,Mid/Back office people in the London office
1311,,TNC Membership
1312,,today's jokes - Not bad if your up late
1313,En,Southern Company
1314,,Indonesia Pulp Capacity
1315,,Master Netting Agreements Status Upsdates: READ
1316,Meeting,Breakfast/Lunch/Snacks
1317,,"Southern Mineral Corporation (""Southern"")"
1318,,Australian matters
1319,,Consulting agreement
1320,,Follow up with Alpert's Office
1321,,El Paso Complaint
1322,Meeting,Note from Sally
1323,,"Maryland ""Index Plus"" Product"
1324,,"FROM CINDY OLSON, COMMUNITY RELATIONS: Body Shop Reopening"
1325,,Comm Ed. Opinion
1326,,Fuel Charge on TW
1327,,Cell Phones
1328,,NYISO - Revised Technical Bulletins # 67 & # 68
1329,En,OMLX Application
1330,Meeting,Floor Meeting for EWS Legal
1331,,Constellation Power Source
1332,,Confirmation Desk/Legal luncheon
1333,,Phone Coverage
1334,,EGM Liquids Non-Terminated (Financial)
1335,Meeting,National Fun Day
1336,,ECAR (Rockport 02)
1337,,Master Firm Comments
1338,,Final Draft of NOPR Comments
1339,Meeting,CES Deals for July
1340,En,Swapco Agreements
1341,,Columbia of Ohio
1342,,Update
1343,,NYISO - Software Release for September 25
1344,En,Gas Natural Mexico S.A. de C.V.
1345,,LADWP
1346,,Follow-up and Questions
1347,En,Forwards vs. Futures
1348,,Anadarko
1349,,EWEB
1350,Meeting,customer info
1351,,TONIGHT - Soccer
1352,Meeting,EIM Group Links
1353,Meeting,ECS Sale
1354,,"AW: Now, what?"
1355,,Calpine Term Sheet.
1356,,November & December 1999 Settlement Adjustments
1357,,"Evaluation form for the Scott Waddle interview held on Tuesday, September 4, 2001"
1358,App REisedWrov,Enron Japan Corp.
1359,Meeting,Corn Pudding
1360,,Company-Wide Accounting Training Off-site
1361,,*EMCA* House cleaner available
1362,,F759 and 900 data
1363,,Space Options
1364,,Medicine Bow Tie-In Capacity
1365,,CESG Annual Retreat -- open spot for golf
1366,En,Gas Management Agreement
1367,r,Contact Info
1368,,Low Cost Merchant Accounts [39dqh]
1369,,Coal information
1370,,Fallback Regulatory Position
1371,!,engram
1372,Meeting,Weekly Report for Gas Logistics
1373,Meeting,Tired?
1374,Meeting,Information
1375,Meeting,TEAM BUILDER
1376,,California Tariff Filing----How Time Flies
1377,,"physical option - proposals, term sheets, pricing"
1378,En,El Paso
1379,En,Section 8.2
1380,,Master Agreement
1381,,Nov Capacity
1382,,Hi!
1383,Meeting,Investment Banking Associate Opportunity
1384,,"Draft of ""generator' Energy Marketing Services Agreement"
1385,,Gases y Graneles (Gasmar)
1386,En,CA Energy Development
1387,,Memos
1388,,kendall sale agreement
1389,,Annual Meeting 2002
1390,,Fwrd-Start Options
1391,,Devon and Panaco
1392,,Misc
1393,,VEPCO CPCN proceeding
1394,,Cellular Phones
1395,Meeting,Greeley Gas invoice
1396,!,McKinsey alum
1397,,Common Sense for your Personal Home Computer
1398,,Rev option form
1399,Meeting,Asia Society Annual Board Meeting in October 2000
1400,,ISDA
1401,,Transaction Agreement w/Master
1402,,AU info
1403,,California Update 07.22.01
1404,,Recruiting
1405,Meeting,"Puget Sound Energy, Inc."
1406,,Draft of Master Netting Agreement Form
1407,,Upcoming Advisory Council Meeting
1408,Meeting,GCA Amend.
1409,,Statistical Analysis
1410,,Paige's resume
1411,,DAILY POS. REPORT
1412,Meeting,Counterparty Approval List for 04/14/00
1413,,APR-OCT Analysis
1414,Meeting,Turbopark
1415,,Contractual Obligations Associated with Long Term Pipeline Contract
1416,Meeting,You Fucking Cheap Whore
1417,!,100% SJ
1418,,Grand total is....!
1419,Meeting,"Senate Majority Leader Eager to Push Energy, Environmental Issues"
1420,,Financial Swap
1421,Meeting,Revised EES Spreadsheet - 2/5 & 2/22
1422,,S&P and Nasdaq Day Trading Systems
1423,!,weird thing!!
1424,En,The Insider from Travelocity.com
1425,En,California Update 07.26.01--Assembly Pulls Plug on Bailout
1426,,Enron's October Baseload Transactions as of 9/28/01
1427,,CommodityLogic
1428,,New Swaps @ Dow Jones Index
1429,,Peoples/ABB
1430,En,ENFOLIO Master Firm Purchase/Sale Agreements with PSCo and CLF&P
1431,Meeting,Revised Data Protection Policy
1432,,EPGT
1433,,HTC presents iTV on Thursday 12/06
1434,,eol products
1435,!,"ISDA Master Agreement between CSFB, London branch and Enron North America Corp."
1436,Meeting,CILCO confirmation changes
1437,En,Tenaska IV Agency Agreement
1438,En,DEVON - June 1 noms
1439,,Wine Bars
1440,Meeting,NYPA
1441,,Deposition Subpoena by the California State Senate Select Committee
1442,En,Chile Letter
1443,En,"New York State Electric & Gas (""NYSEG"")"
1444,,"""ANNOUNCING"" A market that is Virtually UNTAPPED!!"
1445,,Crestone Term Sheet
1446,En,MISO Meeting last week
1447,,Board Mtg.
1448,En,September 2001 FERC California Report - Preliminary Ready for Review
1449,,ESP Declarations
1450,,EBS-Sale Preparation
1451,,Cadwalader
1452,,Confidential communications
1453,En,Brazil trip
1454,En,Update on Robert's Daughter
1455,W Approv,Super Saturday Interviews
1456,,Restructuring Today - 6/23
1457,!,Swapco Transfers
1458,Meeting,Recall: Medicine Bow Loop Approved by FERC
1459,,Job Descriptions
1460,,Code of Ethics -- What Exactly Did I Agree To?
1461,,Good Buying Opportunity????
1462,Meeting,HBS Boat Cruise - REMINDER!
1463,,net A/R data request
1464,En,Letter of Credit format
1465,,Suggestions for Floor Meeting Locations
1466,,Friday afternoon Staff & Budget Meeting
1467,,BP/WRI cut from June 2001
1468,,PSE&G
1469,,CSX Coal Documents
1470,,Hotel Reservations
1471,,LADWP Gas Contract
1472,,Rocky Mountain Elk Foundation Status
1473,Meeting,lotus notes link
1474,,Important Market Information regarding the OMAR-Online Market Simulation
1475,En,"Reorientation - Wednesday, April 24th"
1476,,List of Credit Team
1477,,PNM capacity: rehearing request
1478,,NYMEX Access
1479,,Deposition
1480,!,Trav's Gulliver
1481,,GD Tiered deals
1482,!,GISB
1483,,Meeting with Frevert on Wholesale Operations
1484,,Financial Analysts' Reports for 5.31.01
1485,,Hey
1486,,New Power
1487,,The memo
1488,,CONFIDENTIAL
1489,En,Outstanding and priority items
1490,AppWisedrov,Gas Indices
1491,,"*EMCA* I recommend a hard worker by hour --gardening, paint, whatever"
1492,,Hey
1493,,Classes 11-12 Mt Hood
1494,En,Maternity Leave
1495,Meeting,Transfer to UBS
1496,Meeting,Confidentiality Agreement Check
1497,,Warning system
1498,Meeting,Grynberg and Quinque Invoices
1499,,AOPA ePilot Correction
1500,,Washington DC
1501,En,ERCOT opportunities
1502,,DEPARTURE MSG.
1503,,ENA Upstream Sales Breakout
1504,En,Central Region Customer Priority Ranking
1505,,Pelican Schedule
1506,,EES Task Force
1507,,"Meeting with Mayor Willie L. Brown, Jr."
1508,,Time for Voting
1509,,Dry Creek Storage
1510,,January 11 - Managing Operational Risk
1511,,Financial Trading Agreement Database
1512,,Final Working Capital Schedule
1513,,NYISO - NOTICE of Changes to OASIS/MIS/CSS Systems
1514,,Operational Analysis Audit Notification
1515,En,Capacity
1516,,United Way
1517,,Bidder D PSA Redlined
1518,Meeting,ETA
1519,!,European Weather
1520,,IT Development Spend Rate Analysis
1521,En,Questar
1522,,paper and pulp language
1523,,Existing Project Sunrise Data Warehouse Setup Request
1524,,West
1525,,Imports for 01/02/02 @ Mead
1526,,Marketing committee
1527,,Revised EIM Meeting Notes (inclusive of notes from 9/17 & 9/18 meetings)
1528,Meeting,An Inbound Message For You Has Been Quarantined
1529,,More base gas questions
1530,,TFS Energy LLC
1531,,Reminder
1532,,"TCO - CAPACITY UPDATE EFFECTIVE FOR NOVEMBER 26, 2001"
1533,,E-Next Generation Docs
1534,Meeting,Board
1535,,Counselling
1536,,Law Firm
1537,Meeting,"Career Opportunity: Senior Cable Manager with EarthLink, Inc."
1538,,"FROM CINDY OLSON, COMMUNITY RELATIONS: Body Shop Reopening"
1539,,Enron Online Signatories
1540,,Basis Rolloff
1541,,Need for Resources
1542,!,NDR Group RFQ for Nov 2001
1543,Meeting,"CMS Marketing, Services and Trading Company"
1544,,TE South Pass at capacity
1545,,Services agreement
1546,,Glob. Settlement question
1547,,Agency Appointment
1548,,Confidential Question
1549,En,Comments
1550,,Enron Federal Credit Union Stands Ready to Assist You
1551,,Security Model
1552,,Medical Insurance
1553,,"Morgan Stanley Capital Group, et al"
1554,Meeting,Investment Com. meeting
1555,,EFCU E-Survey Response
1556,,Reed Wasden Research - Daily Update 1/15/02
1557,,EEI Qusetion
1558,Meeting,PLEASE READ
1559,,For Wade
1560,,TCO - 2002 TENTATIVE OUTAGE SCHEDULE
1561,,FYI.....Enron Establishes Future Market For Memory Chips
1562,,Weekly Budget Meetings In March
1563,!,The Natural Gas Industry -- New web-based training
1564,,Revised Docs
1565,,Apparent Authority Letter
1566,En,Adult Industry Secrets Revealed! 14859
1567,,EOL product description for Sonat tier 2 gas
1568,,Sept. 24 ICAPWG Mtg
1569,,Happy Hour
1570,,Unauthorized use of Houston Pipe Line Company Name
1571,,"Greenberg v. Belfer, et al"
1572,,SFTS conversions
1573,,November & December 1999 Settlement Adjustments
1574,,"Kendall New Century Development,LLC; Plano Letter of Intent"
1575,En,Golden Opportunity to Impact DOE/EERE Programs & Budget
1576,,California Update 9-20-2001
1577,En,Eastern New Mexico Natural Gas Association - Transaction Agreement executed.
1578,,Deemed ISDA
1579,,Greater Calling Area - Maximum Signal Reception 2558d
1580,,TECO EnergySource Inc.
1581,,Carlton Resolution
1582,,Database Updates
1583,,May 19 Church Gourmet Cajun Dinner
1584,,Grid South RTO Order Voted out today
1585,Meeting,DRAFT NOW!
1586,,Calgary outsourcing information
1587,,Trading Confirmation Process
1588,En,PNM
1589,,Terrorism Audit
1590,En,Coming to London
1591,,Super Saturday - Associate/Analyst Program
1592,Meeting,First Year
1593,,VERY IMPORTANT ENRONONLINE STACK MANAGER CHANGES
1594,,Hafslund - DMS 12596
1595,Meeting,Pictures
1596,Meeting,Expense Reports Awaiting Your Approval
1597,,Deregulation
1598,Meeting,Midway LOI (prototype for Ft P)
1599,,"OCTANE ENHANCEMENT SYSTEMS, USA"
1600,,Employee Meeting Postponed
1601,,California Update 7/25/01----Meeting w/Assembly on Its Latest Version of Edison MOU
1602,!,apt.
1603,,trader joke
1604,,Retention of Documents
1605,,o:Research access list
1606,,Office Update
1607,,British Energy Update
1608,En,Convertible book assignment
1609,,ISC - Customer Service Survey
1610,Meeting,EFCU Gets You Connected
1611,En,Version Mapping for January 2001 and May 2001 Settlement Adjustments
1612,,Plans...
1613,,EOL products
1614,,Weather Risk Management
1615,,NY office
1616,,TVA Synthetic Peaker
1617,Meeting,Guaranty
1618,,Skelton option
1619,,Transaction Agreement format
1620,,Updated Tax Language
1621,,IPTV
1622,,NYISO Daily Transaction Summery Page
1623,En,Estate Integration Test - 1/13/2001
1624,En,SoCalGas BCAP
1625,,"CITYSEARCH WEEKEND PREVIEW: Halloween Tricks & Treats, Tool and Tannhauser."
1626,,Ethanol Plant Project
1627,,Impact
1628,En,Move to Enron Center South
1629,,Financial Analysts' Reports for 6.07.01
1630,,Compensation Analysis
1631,,Reservations
1632,,STM - Sales Director Referrals
1633,,Cancellation of Weather Deal
1634,,agreement
1635,,Lunch on Thursday
1636,,UBS Systems Integration
1637,,UNOCAL TERM SHEET
1638,,Full-Time Associate Orientation - Happy Hour
1639,!,Ola Baby!
1640,,Q&A's
1641,,Message from Greg Porter re: Update on Transwestern Pipeline Company vs SoCalGas FERC Proceeding
1642,,Enron Management Conference
1643,,Kennedy Oil powder river renegotiation
1644,,J Aron Gas Master
1645,,general
1646,,NGI's Article on the Merger
1647,,"Alert Posted: 6:05 PM Saturday, October 20, 2001: SD-2 Nomination Extension"
1648,,Diamond Level Astros Tickets Available
1649,,CRRA LOU
1650,,AGA 1/23
1651,En,Hi!
1652,!,Thanksgiving
1653,,Expense Reports Awaiting Your Approval
1654,,Tarifajusta - BPlan y Executive Summary
1655,En,3 - URGENT - TO PREVENT LOSS OF INFORMATION
1656,,Initial APX Information
1657,Meeting,Best wishes from Turkey
1658,,FORM CHANGE AGAIN!
1659,!,Iams
1660,Meeting,Australiann Power Product Long Form Decsriptions
1661,,you are a dork
1662,,Hey there!
1663,!,One-liners
1664,,Enron Center South Technology Watch
1665,,Trading Confirmation Process
1666,,BERCO RESOURCES INC.
1667,!,EEI - Revised Standard Contract
1668,!,Dinner
1669,,Kerr-McGee Energy Services Corporation
1670,,Conference w/UBS Warburg Legal Team - 2/7 @ 1:00 p.m. CST in ECS 06716
1671,,Forcenergy Inc.
1672,,Fountain Valley stuff
1673,,Agreement
1674,Meeting,Agency Agreement
1675,r,Bay Gas - Request for Draft CSA
1676,En,WARNING: Your mailbox is approaching the size limit
1677,,VMAC NDA
1678,,Prepay
1679,,Enron Industrial Monthly Legal Report
1680,Meeting,CA I and II Bills of Sale
1681,,A Star is Born!
1682,,"The Austin Group Energy, L.P."
1683,,Executive Impact and Influence Course
1684,!,quant job opening
1685,Meeting,Duke Guaranty
1686,!,Enjoy the Holidays of 2001
1687,,Management Committee Presentation Draft
1688,,"ENA Analyst and Associate ""Brownbag"" Presentations"
1689,,form a without intercompanies
1690,En,Request For Assistance
1691,,Legal & Privacy Statement
1692,,Books
1693,,Dynegy Direct Trading Website
1694,,Important NNG Accounts Receivable Collection Procedures
1695,,Out of the Office
1696,,today's joke
1697,,"Master Agreement (financial) between Enron North America Corp. (""ENA"") and Vitol S.A. (""Vitol"")"
1698,r,Leaving California Residential Market
1699,,YO
1700,,"LNG/C""HOEGH GALLEON"" - VISITORS IN LAKE CHARLES"
1701,,"LETTER DATED APRIL 18, 2001"
1702,,CSU annuity entered
1703,,response to PUC protest of USGT deal
1704,,BOD Materials 2
1705,,[kpwjb]
1706,,Confidential - Decision tree on projects
1707,,"If it don't fit, you must acquit"
1708,Meeting,Pictures of Sam
1709,En,SDG&E OII
1710,,Disaster Recovery/Business Continuity Planning
1711,Meeting,Movie Trading
1712,,Enron Business Article
1713,Meeting,Access Groups and Members for O:Research and Subfolders
1714,,You'd better not squeal!
1715,Meeting,Itochu Company Analysis
1716,,Reliant Protective Order
1717,,Real Deals From Travelocity.com
1718,,Expense Reports Awaiting Your Approval
1719,En,TXU Lone Star Pipeline transportation agreement
1720,En,Organizational Announcement
1721,,Tiger
1722,,New Power bookouts
1723,Meeting,*EMCA* Look at www.eastmontrose.org
1724,,Paralegal Processes and Training
1725,,NEPCO Cash
1726,En,Wilde/MasTec Letter Agreement
1727,En,"Public Utility District No. 1 of Clark County, Washington"
1728,,Pact With PG&E Eluding Governor
1729,Meeting,"EEOS Weekly Report... W/E November 23, 2001"
1730,,TCO - 12/01/01 RETAINAGE RATE (FUEL & UNACCOUNTED FOR VOLS)
1731,,rebuttal testimony schedule clarification
1732,Meeting,Sale Agreement
1733,,trader matrix
1734,,Oops!
1735,,Summary of Commission Meeting
1736,,State Senate OKs bailing out Edison from bankruptcy
1737,,Email Problems
1738,,Enron Management Committee Meeting
1739,,C-Gas
1740,,news
1741,,USTeleNet Transaction
1742,!,New TW Contract/Capacity Release System Demo
1743,,National Steel Corporation termination agreement
1744,,Oct. Invoice
1745,Meeting,Grades
1746,,"ITG POSIT ( a ""division"" of the ITG trading desk"
1747,,Travel
1748,En,Resumes
1749,,Golf Tournament - Memorial Park Golf Course
1750,,EPMI Index Prices 3/27
1751,,Meeting Notes of SLNG Shipper's Meeting - 3/4 April 2001
1752,,Meeting with Mark Frevert - Should We Move It Up?
1753,,KCS Master Agreement Amendments
1754,,Producer Services
1755,,meeting
1756,En,Equitabel Gas Company Exchange on Tetco
1757,Meeting,Cargill Alliant financial deal # 495432.01
1758,,PIRA
1759,!,night before christmas
1760,,First Call Contact Information
1761,,P'burgh computational software co. with CMU connections
1762,,Please Log Out Tonight
1763,App Power,Financial Power Trades through 9/18/00
1764,,ISDA
1765,Meeting,Question 2
1766,Meeting,Agreements
1767,,Ontario Market Opening Strategy
1768,,New GTC Versions
1769,En,Ready2Go Open House
1770,,confidentiality agreement
1771,,Scandinavian Gas and Power
1772,En,WT-1 Electric Service Agreement
1773,,Average Tenure and Deal Count Information
1774,,Supplemental Responses of California Parties to Duke Energy's Sec ond Set of Data Requests
1775,,Refinance options
1776,,Reminder
1777,,Earnings targets
1778,,NM First Town Hall Energy Summary
1779,,GOD JUL!
1780,,Financial Analysts' Reports for 6.08.01
1781,,Banco Nazionale del Lavora
1782,,Your day
1783,,e-mail to conference attendees
1784,,P-1 NOV Issue
1785,,Delaney's Demand Plan
1786,,Happy Halloween Contest and Lunch!
1787,,California Capacity Report for Week of 03/18-03/22
1788,Meeting,homecoming
1789,,Farewell
1790,En,It's getting old
1791,,Development Efforts
1792,Appised,Power Indices
1793,!,KCS - VC0917 & VC09
1794,En,Updated: Central Region Customer Priority Ranking
1795,En,Kartini
1796,,CES Storage
1797,Meeting,weekly operating report
1798,,Colorado Comment on Commission's GCA Rules
1799,!,Checking In
1800,,That Joyous Time of Year
1801,,Hey!
1802,En,Fax Template
1803,Meeting,CGAS storage/exchange deal tickets for Nov-Mar
1804,,benefits issue
1805,,agreement update
1806,,Texas Pipeline Map
1807,!,AOPA ePilot Correction
1808,,a little get together...at the theatre
1809,,"""After Christmas Savings Before Christmas"" - from Sierra Trading Post"
1810,En,Physical Tab Template for eliminating Interdesk/Intercompany variances
1811,,Year and Quarter End Deals
1812,!,Gas Curve
1813,,"ISDA PRESS REPORT - DECEMBER 26, 2001"
1814,Meeting,NEW PRESS RELEASE DRAFT -- NEED APPROVAL
1815,,MDEA revised draft
1816,,Net Works Documentation
1817,,Long Descriptions Spreadsheet
1818,,WSPP vs EEI
1819,,Hi Tracy!
1820,,EWEB Schedule to the Master Agreement
1821,,CGAS deal 213360
1822,,India Issues -Catching Up
1823,,Telephone conference
1824,Meeting,"LV Co Gen - the next generation... (hey, is that a pun?)"
1825,,"Alert- new email address for Avram Siegel, Allison Fisher and True Blue bluegrass band"
1826,,Pizza Party
1827,Meeting,Stanford MBA- Interview
1828,,Light Call Option of 50MW
1829,,Texas Monthly November 2001: How Enron Blew It
1830,Meeting,Trading Track - New participants (rotations assgined)
1831,,Euro Protocol
1832,Meeting,Bloomberg
1833,,ENW in ECS - Revised Again
1834,Meeting,Whatz Up!
1835,,Empathy
1836,,Proposed Staement of Organization
1837,,WARNING: Your mailbox is approaching the size limit
1838,,Party at PLove's
1839,,"Confirmation of Management Committee Offsite - Wednesday, October 24, 11:30a - 5:00p"
1840,,Your decision
1841,En,September 2001 FERC California Report - Preliminary Ready for Review
1842,,EOGIL DASH
1843,,Canada Positions
1844,,omnibus option
1845,,SoCal billing issue/capacity
1846,,Carpoint Inquiry: 1539983
1847,,Update on ballot measures
1848,,Amendment to IRCEA
1849,,BPUB LOI
1850,,Virtual Bidding - data release
1851,,Tenn Pipeline - Volumetric Balances
1852,En,Do you need some help with your taxes? [3bars]
1853,En,DWR Gas Supply
1854,!,"Enron Japan is at the entrance of ""Bermuda Triangle""!!!"
1855,,"sailing Bagheera on Saturday, October 27"
1856,,Vacation balance carryover
1857,,Equitable Tenn Z4
1858,,JP Morgan Chase - Executed Letter Agreement
1859,Meeting,Michael Jihn
1860,!,Status
1861,,Happy Holidays!
1862,Meeting,CES - manual invoice for May 2000
1863,,Dinner
1864,,URGENT - PLEASE READ...REALLY
1865,,Curtail200206.db Question
1866,,Citizens Capacity Release
1867,,ClickPaper.com Resolution
1868,,Texas Brine Documents
1869,,London Hotel
1870,En,NDA - GE Global eXchange Services
1871,,WFLA
1872,,Publication Schedule for DPR During Holiday Period
1873,,Kudos!!
1874,Meeting,Memo to Raber re ENRON Option.DOC
1875,,Employee Meeting Postponed
1876,Meeting,"Mieco, Inc."
1877,,GIR Proceeding--I99-07-003
1878,,Reliant Energy Field Services Contract 96034155
1879,,Updated List
1880,,e-Trans Contract Administration
1881,,LC's
1882,,ABB purchase agreement for transformers to go with LM 6000's
1883,Meeting,Wholesale Power Systems Update
1884,,Update of priority settlements - Without Prejudice
1885,En,CSFB Prepay
1886,,Change order #3/ESA
1887,,Meeting to discuss Rates and Rate Feeds
1888,,Discussion Points for Meeting on Analyst Program
1889,Meeting,Delivery Status Notification (Relay)
1890,En,"""Auto-Pathing"" Buy/Sells"
1891,Meeting,format for Nov. 8th
1892,En,"Vacation, Sweet Vacation"
1893,,Watkins Outage
1894,,Course outlines
1895,Meeting,Repair estimates
1896,,Conference Call with Houston
1897,Meeting,Curve File Security
1898,,Letter form ISO New England
1899,Meeting,Independent Amounts
1900,En,AEC Transaction Agreement
1901,,"Invitation to the Stanford Graduate School of Business International Career Fair, Tuesday, January 22, 2002"
1902,,READ! CHANGE OF TIME FOR MEETING: MASTER NETTING
1903,En,Tomorrow (this is a real message)
1904,,CA with Peoples' Energy
1905,,Status of EWS Litigation
1906,,Deal Liquidation
1907,,Additional Noters on SoCals Meeting with Southwest Gas over PCBs
1908,,(Fwd) Pictures
1909,,SDG&E
1910,Meeting,Product Description
1911,,Date details
1912,,Length for 06/12/01
1913,,RUNM changes
1914,,Hopewell
1915,,HH Flows
1916,Meeting,Baja and redwood spreads
1917,,Updated '98 - '01 Headcount File
1918,Meeting,Call
1919,,24th IAEE International Conference
1920,,(no subject)
1921,,Nov. 2 Mtg of Exec Comm of Inst for Law & Tech
1922,!,Hi
1923,,Need Documents
1924,,Power Contracts
1925,,Log and others
1926,,Enron Direct Canada-First Deal
1927,,Trading Track Interviews
1928,,Sally's Thursday morning meeting moved to 8:30 - 10:30 AM
1929,,Deal Control Position
1930,,Goals for 2000
1931,,Caithness Big Sandy LLC
1932,Meeting,AA
1933,En,Jeff Skilling talking points (from Dave Parquet)
1934,,African Safari
1935,,Expense Reports Awaiting Your Approval
1936,,next week
1937,,"Panaco, Inc."
1938,!,Wedding
1939,En,3 - URGENT - TO AVOID LOSS OF INFORMATION
1940,,IMPORTANT- PLEASE READ - California Energy Prices - Legal Issues
1941,En,"One-Day, Internet-Only Sale"
1942,En,OOMC Chronology
1943,,Looking for Offers
1944,,"Salt River Project (""SRP"")"
1945,En,New Power Financial Gas Confirmations
1946,,Private Equity
1947,,"Clark - Mobile, etc."
1948,!,EMW 07/17
1949,,Possible Virus
1950,,Howdy
1951,!,You
1952,En,Meeting
1953,,Coenergy
1954,En,A couple more contracts
1955,,Process for Tomorrow
1956,,Madeline's baptism/Stacey's shower
1957,En,Socal Window Meeting
1958,,Legal assistant Candidates
1959,,Report from State Competition
1960,,USGT Negotiated Rate Filing/ Response to CPUC Protest
1961,Meeting,Bridge/Telerate login and password
1962,,Statex confirm language
1963,,Farewell
1964,,Court Decision on NOx - EPA Section 126 Rule
1965,Meeting,Thanksgiving Luncheon
1966,En,"Enron Corp. ""forward template"""
1967,,Revised Termination Letter
1968,,Discussion
1969,,Caledonia Modification
1970,,MS Society Opportunity
1971,En,"Sale of Fountain Valley Power, L.L.C."
1972,,TW Amendment and Letters
1973,,Assignmemt/Amendment
1974,,MDEA agreement
1975,En,Managing Enron's relationships with the universities
1976,,Parking
1977,,SITA (French company)
1978,,Draft PRC Memo for Approval
1979,,Summary of IdleAire commercial terms
1980,En,"Outage Commericial Review Meeting (NNG,TW, & NBPL)"
1981,!,APEA
1982,Meeting,Stella Chan /Project Summer transfers
1983,,Legal Online Trading Database
1984,,General Counsel luncheon
1985,,My Support
1986,,Environmental Activity Report-Roswell Area
1987,,"""The Pulse"" Employee Survey"
1988,,I'm on a rampage
1989,,Here is the report
1990,,A.Word.A.Day--commiserate
1991,,Raptor and the South American Swap
1992,,Online Trading
1993,,Message from Carol St. Clair
1994,,Yazoo City
1995,Meeting,Resend of Southeast UAF agenda
1996,En,"Vermont Gas Systems, Inc."
1997,,O&M Agreement Draft
1998,!,"Capex, S.A."
1999,,Rolloff Adjustment
2000,,Phone Conversation with TNC
2001,En,equipment option
2002,,Cash needs
2003,En,Transport contracts
2004,,Availability for Conference Call
2005,,Global Risk Management Operations Weekly Operating Report
2006,!,Cedar Resources
2007,,Utilicorp. United Inc.
2008,,HL&P
2009,,REVISED - Turbine Position Report
2010,,NorthWestern
2011,Meeting,*EMCA* Chapter 42 etc.
2012,Meeting,Major outages in Houston affecting Systems in Portland
2013,,*EMCA* Call for newsletter articles!
2014,,NYISO - Generation in Response to Price Signals
2015,Meeting,Enron
2016,,ISC - Customer Service Survey
2017,Meeting,Tuscon Electric
2018,En,ferries
2019,,New CA's & Revised List
2020,Meeting,Kim Watson
2021,En,Utility Counterparties
2022,,Ennovate
2023,,Attn: Cheryl Baldwin Re: Furniture Quote
2024,,SoCal Moving from Windows to OFOs
2025,Meeting,weekly meetings
2026,,New Power
2027,,Virus Update
2028,,Concern about EBS
2029,,Whalley Request - IT Asset & Depreciation Analysis
2030,Meeting,Public Water System Sampling Time Again
2031,,EEI Update- Standardized Master Purchase and Sale Agreement and Into Definition Conference Call
2032,,"Adjustments to 7/2000, 8/2000, & 3/2001 Settlement Adjustment Invoices"
2033,En,UPDATE - Bloomberg
2034,,PortCalc Stage Release 10/29/2001 Version 4.2.1s1
2035,En,Entergy -- order on ancillary services filing (ER01-2214)
2036,,SIMULATION PASSWORD
2037,,Signature authority
2038,,Words from a Friend
2039,,Congratulations to the CARTEL! This year's COLFFL Superbowl Champ ion!
2040,En,Scripts - Consolidated documents - Final version
2041,,October 20 Meeting re: Internal Audit Projects for September
2042,!,Gas Curves
2043,Meeting,UNCLAIMED PROPERTY REPORTING - F. Y. I.
2044,,Lunch Cardio Kick II Class Cancelled Today
2045,En,Thank you and Stay Strong
2046,!,Expense Report
2047,,OR4NE Night at Winterhawks Hockey
2048,!,Rockets Game
2049,,Landstar
2050,,PROGRAM: NORTH ADEAN ECONOMIC AND POLITICAL UPDATE - 10/4/01
2051,Meeting,South Carolina Electric & Gas Company - Power Netting Agmt request
2052,,tip
2053,,Storage
2054,,BCCKOP Operating Agreement
2055,Meeting,Open Enrollment for Benefits
2056,,CES billing for February
2057,,Employment Contract
2058,,PRE-ARRIVAL MESSAGES
2059,Meeting,Thank You
2060,En,"Enron Power Holdings XII Ltd. (""EPHXII"")"
2061,,How are you?
2062,En,your job
2063,,Daily pos. report May 4th.
2064,,unused books
2065,En,California Update--11.26.01
2066,,National Fuel Meeting
2067,,Monday Staff Meetings
2068,,Additional Materials
2069,En,Industrials
2070,,2000 ENA Offsite - Final Agenda
2071,,Amended Compression Service Agreement
2072,,Fed Ex to Pete Thompson
2073,,BNP Paribas Commodity Futures RigWatch for 060702
2074,,[EDIS] EQ MAG 7 2 NEAR COAST OF PERU [News: Statewide]
2075,,Pretty cool...
2076,,CSA Amendments
2077,,Grant Masson
2078,,Positions for the weekend - READ THIS
2079,,PortCalc Stage Release 10/29/2001 Version 4.2.1s1
2080,,Revised consent to assignment
2081,,*EMCA* Needed to borrow
2082,,Real Deals from Travelocity.com
2083,En,Gas Presentation
2084,,Weekly Activity Report-Roswell Area
2085,Meeting,Revised Exclusivity Letter
2086,,New players
2087,,brokerage agreements
2088,,Update to Virus Protection Software #2
2089,,P&L summ
2090,,Report Performance
2091,,Ridgewood's Petition To Be Released From QF Contracts
2092,Meeting,CDEC Contract
2093,Meeting,Legal/credit meeting
2094,,Maritimes Files Application for Phase IV
2095,,Philadelphia Gas Works
2096,Meeting,Plano vs Homestead
2097,,E-LOAN Alert: Your 15 Year Fixed loan at 6.625% is available now.
2098,,T30233 - NWNM Off-system Transportation Contract
2099,,Hey
2100,!,Agave's portion of the Grynberg invoices
2101,Meeting,TW Letter Agreement
2102,,New Legal Team to Assist RAC
2103,En,Bear Stearns & Co. International Limited forward with Enron Corp.
2104,,Rob Noonan fund
2105,,Hiring Aram at a VP level
2106,En,May God Bless you and your family- We are with you
2107,,Succession Plan
2108,,Project Triple Lutz
2109,,Publication Schedule for DPR During Holiday Period
2110,Meeting,Clorox
2111,,Correction!!!!! Correction!!!!!
2112,,This weekend
2113,,Australian Tax Liability
2114,,Access to EPA systems - OATS and ETS
2115,,Master Swap Agreement Database
2116,,Coffee w/Rebecca
2117,,11.13.01 Flu shot schedule
2118,,Pls RSVP: Invite to Forrester's Analyst Call on Portal Servers 9/18
2119,,"True Orange, October 29, 2001, Part 1 of 3"
2120,,Contract
2121,,Introduction of Gerald Chan
2122,,286147
2123,,curvefetch
2124,,Hind-sight's 20/20
2125,Meeting,2001 Allocations
2126,,Tomorrow's Move
2127,,Benefit Event
2128,Meeting,My last New Power Deal
2129,En,TW Options
2130,,FCPA
2131,,ECS
2132,,A resume
2133,,Expense Reports Awaiting Your Approval
2134,,"Title V Permit for C/S No. 4, Klagetoh"
2135,,Move Information for the 6th floor
2136,,Additional $4.9 capital spending for NNG in 2001
2137,Meeting,Haina Note
2138,,Transport Capacity deal
2139,,Montana Update
2140,,"*EMCA* Muchas Thank-Yous, AM & Manny!"
2141,,NYISO filing (ER01-3001-000)
2142,En,PGE Position Report
2143,,Forward Curve Validation/Revision Progress Tracking
2144,,Consolidated Canadian P&L by Month
2145,,GTN Station 8 Capacity Restated
2146,En,Broker Agreement
2147,,Crestar documents and partial assignment to BP
2148,,Hub agency/my comments
2149,,Morgan Stanley futures
2150,,HCS IzioPro Survey
2151,,customer mailout
2152,,Homestead Expansion - Update
2153,,Texaco deal
2154,,See attached
2155,,more deals to move to bankruptcy books
2156,Meeting,Net Works/Financial Trading Group Quarterly Legal Review
2157,,Hertzberg
2158,,Wyoming
2159,,MRHV Model (power curve)
2160,,Eco Fuel Consumption
2161,,Northern Light and World Markets Energy Training
2162,,Any Interest?
2163,,Documents
2164,!,Sevile
2165,En,Bushton Universe Gas Quality
2166,Meeting,EGM business presentation
2167,,Organizational Announcement Email announcement_Final
2168,,UPDATE - UH Recruiting Date Change!
2169,!,MAIN invoices
2170,En,North American Energy and Developing Products Committee
2171,,INTERNET ORDER: Sierra Trading Post Order E760643
2172,,Conference Cal with Adewumi
2173,,Insurance
2174,,Requested pressure cut at Citizens Griffith TW Interconnect
2175,,APEA Gas Prepay Transaction
2176,Meeting,PG&E Master
2177,Meeting,Out of Office AutoReply: El paso parking for Monday 10/29 at 4C
2178,,Clinton Energy Management Services
2179,Meeting,NETCO Org. Chart
2180,,Expense Reports Awaiting Your Approval
2181,,Agreement
2182,,IMPORTANT NOTICE
2183,,Intercompany charge for final PGAS payment
2184,,"Enron Liquid Fuels, Inc."
2185,,Non-competition Clause in IT Service Contracts
2186,,API 2/5
2187,,Repo Agreement
2188,,Request: Current Headcount
2189,,"Political and Regulatory Update from Enron Japan, October 24 2001"
2190,,Information on Current Events
2191,,Outage Announcement
2192,Meeting,ignoring me??
2193,,Delta (Salmon)
2194,,Zero Tolerance Reciprocal Keep Whole
2195,En,EnronCredit.com Tax Issues
2196,En,Transaction Agreements
2197,En,Transwestern FERC California Monthly Report - Dec 2001 (Preliminary)
2198,,Select Enery
2199,,bond counsel opinion
2200,,2000 Peakers
2201,!,Draft of the Supplement to the 1993 Commodity Derivatives Definitions
2202,Meeting,Revised slide
2203,,Dick Gephardt - Luncheon Invitation
2204,,Legal Reporting
2205,,Lunch?
2206,,NPCC (Millstone) WSCC (Diablo Canyon)
2207,!,Vandalism in the village
2208,En,Upcoming EEI Contract Activities
2209,,Gouger Gray Davis :
2210,Meeting,Correction re Pick Sheet #8
2211,En,PROVANTAGE - The Original Advantage #e11603
2212,Meeting,printer
2213,,GSF Energy
2214,Appised,Power Indices
2215,En,EIM Resources
2216,,Denver Visit
2217,,"TCO - CAPACITY UPDATE EFFECTIVE FOR NOVEMBER 23-25, 2001"
2218,,Code of Ethics -- What Exactly Did I Agree To?
2219,,RAC's Roles
2220,,Various
2221,,FTS Agreement 67207
2222,Meeting,EOL Simulation
2223,!,numbers
2224,En,FYI
2225,,Revised LOI - TFS Energy LLC
2226,,Seargent Beach
2227,,A touching thought
2228,,Power Pipeline Partners/Energy Transfer Group CAs
2229,,option candlesticks as attachments 6/8
2230,,Account
2231,En,NDA for Bridge Telerate
2232,!,Dynegy Power Corp. Master
2233,,UBS FX payment
2234,Meeting,Urgent
2235,,IMPORTANT! Actions this evening.
2236,,[Footballguys] Update - Bob Harris on Stephen Davis
2237,,API 12/4
2238,,MAY 29th ETS STAFF TIME CHANGE
2239,,Option Amendment
2240,,QUICK NOTE ABOUT PARKING
2241,,Today's Integration Test
2242,En,credit derivatives/SFA exam
2243,,NGI Article on TW Ruling
2244,,Questia 2001 Balance Sheet
2245,,Enpower problem
2246,,Construction Expedition Letter
2247,,terminated financial CPs still in NG-PRice
2248,,RADIO ADDRESS OF THE PRESIDENT TO THE NATION
2249,,POSREP 27 MAY
2250,,Bullets
2251,,EES Annuity
2252,,PSEG
2253,,1st weather deal
2254,,Phone conference
2255,Meeting,Access to UBS application
2256,,"Football is here, ARE YOU READY?"
2257,,CAEM Predictions 2002
2258,!,GDOpt&Swap and P&L
2259,,Nymex HO/IPE Gasoil spread description
2260,,"F R E E Lunch - Wednesday, Sepember 19"
2261,Meeting,EGM presentation
2262,,Draft TVA Letter re Not purchasing energy
2263,,for Board review and comment
2264,,Tier -- Penalty Language
2265,,Logistics Overview
2266,Meeting,Bankruptcy Exposure Graphs
2267,!,Former Enron Employee
2268,,"Updated: Pipeline Profile, Dashboard Alerts Testing Presentation"
2269,,Distributed Power: The Next Big Investment?
2270,,Revised 20/20 Schedules
2271,,trader guidelines
2272,Meeting,"Please don't fire Enron Japan staff, we do nothing wrong! Please!!!"
2273,,Congressman Bentsen and the Trade Promotion Authority
2274,,Update on Pastoria and Las Vegas Sale
2275,,Financial Trading in Brazil
2276,,Amendment to Sher Bond bill
2277,,RMTC - Global Markets and Enron Metals & Commodities Corp
2278,,SoCal Gas CPUC Proceeding
2279,,Organizational Announcement
2280,,Status of Plains/Enron contracts
2281,!,Pulp Weekly Meeting - REMINDER
2282,,MICHAEL BERRY campaign: 1) election night; 2) early vote party this Friday
2283,En,NGTS
2284,,"Frost Securities Inc. account with ECT Investments, Inc."
2285,,Transpecos
2286,!,Facility agreements/change orders
2287,Meeting,Your Receipt - Abestkitchen.com
2288,Meeting,Presentation
2289,,Trco for June
2290,,RFP
2291,,LIQBAsis tab
2292,En,Reply - NCL Update
2293,,resume of Torpong Cheevaprawatdomrong
2294,Meeting,PARTY!! PARTY!!! PARTY!!!!
2295,En,Credit Watch List--4/23/01
2296,Meeting,ETS HOLIDAY PARTY
2297,,Asian Credit Alert- AP & P
2298,,Cost Savings Memo
2299,,Sean Crandall Departure
2300,,Weekend Activity
2301,,Gas Purchases from Enron
2302,,On-Line Stock Trading Brown Bag
2303,En,Next step on Panda/Delta/Sunlaw
2304,En,CA Development I and II
2305,,Territorial Dispute
2306,,El Paso Reserve Deal #783742
2307,,ERCOT Counterparties
2308,,Houston
2309,,"TFS, Inc."
2310,,Sivy on Stocks: Winning a loser's game
2311,En,Insurance Costs
2312,,Con Ed
2313,Meeting,Could you let me know when you finish reorganization of M driver for UBS
2314,,[EDIS] EQ MAG 7 9 NEAR COAST OF PERU [News: Statewide]
2315,,FUTURES SPREAD INDICATIONS
2316,,EWS Legal Year End PRC Meeting
2317,,Resume for Sr. Clerk or Amin I Position
2318,,Bank Account Transfer Complete
2319,,MEETING VERIFICATION re: Discussion of Rod Wright Meeting in LA
2320,En,Implementation of the Suspension Direct Access -- UDCs' Plan
2321,,Here's the e-mail address
2322,,Further Koch change
2323,Meeting,ABB contract
2324,!,Jason C. Bass wants you to create an Amazon.com Wish List
2325,,ISDA Master Agreement and Credit Support Annex
2326,,2- SURVEY/INFORMATION EMAIL 5-17-01
2327,,"Preschedule path going Real-Time for Friday, 07/20/01."
2328,,Enron Management Conference - Home Video Project
2329,En,Ponderosa Prepay for 2/1-4/02
2330,En,EES CA SCHEDULE for 12/16 and 12/17/01
2331,,CES Gas Daily for Feb
2332,,Brown Bag schedule
2333,,Conference Call Info
2334,,Don't Wait! Receive $75 in Cash Rebates on Airline Tickets
2335,,Public Service Company of New Mexico
2336,,"The Morning Market Call - Thursday September 6th, 2001."
2337,Meeting,Enron
2338,!,Pueblo
2339,,Williams Energy Marketing & Trading
2340,,Picks for this week
2341,,pimping you out...
2342,,Amendments - Barclays Bank PLC
2343,Meeting,Delivery Status Notification (Relay)
2344,Meeting,Various Offers
2345,,gas daily index
2346,,Cinergy Guaranty
2347,,Rio house
2348,,Ethane Content Various Locations July 99 thur July 01
2349,,Tips for seniors to avoid medicaid draining your assets - from the Today Show
2350,,Monaco Grand Prix
2351,,DAILY POS. REPORT
2352,,K #27291 - Invoices not capturing incremental fees for alternate points
2353,,GISB
2354,,Pueblo
2355,,Storage
2356,,New Source Review & Multipollutant Update
2357,,Leaf River Information for Board Presentation
2358,,Rev next of purchase agreement
2359,!,Gallup Final Docs
2360,,MG ISDA Schedules
2361,,Revised contracts to Aspect et al
2362,,Updated EES Sales 3/6
2363,Meeting,employee trust
2364,,Cost Savings Memo
2365,,Utility authority to engage in derivative transactions
2366,Meeting,OE Term Sheet
2367,Meeting,Trade
2368,,Annex A Questions
2369,,"Whalley Budget Meeting - Tuesday, November 27 @ 11:00 a.m. in ECN 32C2"
2370,Meeting,2 new products
2371,,EOL Products
2372,Meeting,Super Saturday
2373,r,GE meeting
2374,,2001 Allocations
2375,!,MNSU
2376,,UBS products
2377,Meeting,Real Deals From Travelocity.com
2378,,Assigments & Enfolio
2379,,The Newshour with Jim Lehrer sponsorship opportunity
2380,,First Union Corp./ENA Master Agreement
2381,,TGLO Meeting on 10/18/01 - Notes
2382,,Straddle Problem
2383,,Travel on Clicktrip
2384,,Message from Stan Horton - EGS Management Change
2385,,New Assistant General Counsel
2386,,laptop
2387,!,Personal Message
2388,Meeting,Curves for UBS/NetCo
2389,,Budget Mtg - 10/30 @ 11:00 a.m. in EB32C2
2390,,Revised Services for Executive Support
2391,,Are you up for the Challenge?
2392,,Energy Issues
2393,,CDWR Summary for Ken Lay
2394,,QF Ideas
2395,,Church Gourmet
2396,Meeting,EFCU Gets You Connected
2397,,October Supply
2398,,2001 Management Conference
2399,,[EDIS] COMMUNITY WARNING SYSTEM MESSAGE [Urgent: San Francisco Bay]
2400,,Wed Jan 3
2401,,North American Communication Papers - Executive report for September 2001
2402,!,New Products - Approval Requested
2403,En,Additional Gas Purchases for May 2001
2404,,"your request for FPL Energy Power Marketing (""FPL"") ISDA Master Agreement"
2405,,How Are You?
2406,,Your approval is requested
2407,Meeting,The Pie
2408,,Eucalyptus Pulp - Final Note
2409,,"MIXER TOMORROW - THURSDAY, JANUARY 31ST!"
2410,,Online Japanese Counterparties
2411,,PIRA's Daily Demand Forecast 04/23/01
2412,,GD CEntral Fin Liq 0800
2413,!,Revised Contact Information for Team
2414,En,Bill Rome Mediation
2415,,Resolutions for the Special Telephonic Board Meeting
2416,,"HS Resources, Inc."
2417,,Blackberry Outage
2418,,EOL deals that fail
2419,En,TW Business Objects Report
2420,,New tool for hourly analysis
2421,,EFCU E-Survey Response
2422,,Lunch
2423,,EnergyLink disclaimers
2424,Meeting,EOL reports
2425,,Thermo Ft. Lupton Co-generation Plant
2426,Meeting,Transfer of Merrill Lynch International Bank FX Business
2427,,Highlights from ENE Analyst Conference Call 11/14
2428,,Org Draft
2429,,Staff's 2nd Set of Data Requests to LADWP and City of Pasadena
2430,,Wellesley and ASE meetings
2431,,"EES Bid/Offer Spread, updated 01/17/01"
2432,,LC's
2433,,Reduction of OOM?
2434,,News
2435,,Please read: Book Access request
2436,,Cheryl Nelson - update
2437,,[EDIS] THIS TSUNAMI INFORMATION BULLETIN IS FOR ALASKA BRITISH [News: Statewide]
2438,,Rotating Analysts & Associates
2439,,Enron Industrial Natural Gas Company
2440,!,Kayenta Event in December.
2441,Meeting,Ash Handling Agreement
2442,Meeting,Draft 10Q Release
2443,!,Todays Work
2444,,BNP Paribas Commodity Futures NG MarketWatch for 06/17/02
2445,,Enron In Action 04.16.01
2446,!,Friday Night
2447,!,couple things
2448,,cantor
2449,Meeting,Corrected pages to ISDA Schedule and Annex
2450,,apt. update
2451,,A Computer and Internet Connection for You and Your Family
2452,,Performance Process for All Employees in Debtor Companies
2453,Meeting,happy hour
2454,,Partial variance to AAC R14-2-1606(b)
2455,,Carolina Power & Light EEI
2456,,Deposition of Dr. Cicchetti -- Corrected Details
2457,Meeting,You won't believe it - don't open this if you don't want to..
2458,En,Online Trading GTC's
2459,,Hello & Thanks for the Call
2460,,Apartment Lease
2461,En,HPL Sale - Energy Operations Task List
2462,,Confidentiality Agreement-Human Code
2463,En,Competitive Analysis Update #21- Aftermath of Terrorist Strikes
2464,,Reliant Documents
2465,Meeting,California Power Crisis
2466,,"TVA MOPA - Draft letter, re suspension"
2467,,Allegheny ISDA Schedule (revised)
2468,,[gilder-technology-report] The Friday Letter 11.0
2469,,PLEASE READ - UH Recruiting
2470,,CA for Encore Acquisition Partners
2471,Meeting,Dale Nesbitt
2472,,"Grant of Servitude between LRCI, Inc and Sorrento Pipeline Compan y, L.L.C."
2473,,Welcome Julie Kearney!
2474,En,Information in Entelligence vs Global Counterparty
2475,,Trading Track
2476,,Netco meeting today
2477,,Work History for AF discussion
2478,,"Letter dated November 28, 2000"
2479,,Materials for Scott McNealy
2480,,Great Lakes Transmission Ltd.
2481,,Information Security Executive -101901
2482,En,Financial Trading Issues in Brazil
2483,,VOLUNTARY TERMINATION
2484,,Apology from the HHA webmaster
2485,,"Allegheny Energy Supply Company, LLC"
2486,,2001 Vacation Balance
2487,,Need to Review California Tariff Pronto
2488,,California Power Crisis
2489,En,December Graduates!!!
2490,Meeting,"""Sara's changes to the omnibus"""
2491,En,TURBOPARK STUFF/CA Development I and II notice of exercise of purchase option
2492,,Wheelabrator Martel Outage
2493,,PJM Load Forecast Model
2494,En,Koch Customer Access Agreement
2495,,Corporate Secretary's Data Sheets
2496,,Ercot Options book is long tomorrow 7-22
2497,,Vacation Dates
2498,,New Legal Team to Assist RAC
2499,En,CIG's Raton Basin 2002 Expansion Project
2500,,COH
2501,!,Irene Pappas
2502,,DC
2503,!,HELLO!!
2504,,Flexperq Allowance
2505,,Rockland Electric Transfer to PJM
2506,Meeting,An Inbound Message For You Has Been Quarantined
2507,,Lunch For Rod Nelson
2508,,"Counterparty Approval Lists for 9/8/00, 9/11/00 and 9/12/00"
2509,,Susan Flynn
2510,Meeting,EGM business presentation
2511,,A & M Game
2512,En,so they say NEVER SAY NEVER...
2513,,your deck
2514,,PBKBB
2515,En,"National Energy Group, Inc."
2516,En,Our Revised draft
2517,,Project Stanley Conference Call
2518,,"Career Opportunity: Director with The Health Trust in San Jose, CA"
2519,,Rodeo - Monday 19th February
2520,,New Lawyer
2521,En,Contract Review
2522,,Trip to London
2523,En,ENA Gas Budget Sign Off
2524,,Bid Week Meeting
2525,,Your Amazon.com Inquiry
2526,,Weekday Products
2527,,our discussion today
2528,,File Space
2529,,(no subject)
2530,,Dinner Saturday
2531,En,The Enron Oral History Project Continues
2532,,UtiliCorp
2533,,200 Team meeting re NW exclusivity
2534,,Meeting Schedule/Travel Itinerary - 1/3
2535,,Cell Phones
2536,,Enron Naturl Gas
2537,,HEALTH & WELFARE BENEFITS
2538,Meeting,Voicemail having problems
2539,,California bankruptcy expenses
2540,,SITA
2541,,Imperial Irrigation District
2542,,"""Outside the Box"" Employee Morale Idea"
2543,Meeting,Trunkline CA
2544,,EBS's ENW 2002 Requirements - Private & Confidential
2545,,Tenn k#2891
2546,,FYI-NYMEX Training
2547,,CES CNG capacity
2548,Meeting,Model Validation
2549,,contact info
2550,,A SUGGESTION FOR POSSIBLE SURVIVAL
2551,,weekend option
2552,Meeting,Hi
2553,,Draft OF CA
2554,,summer internships at Enron
2555,,Heartland Steel
2556,,Todd Hall
2557,Meeting,Margin Lines draft
2558,,trades forTurs 6/7
2559,,Agent Accknowledgement Document
2560,,OU trip
2561,,Revised Agreement
2562,,European Priorities
2563,,"API and API Crude, Distillate & Unleaded Stocks Graphs"
2564,,El Paso Energy
2565,En,EEI Agreement
2566,Meeting,EFCU Gets You Connected
2567,,MPC Energy Imbalance II
2568,!,DJ Index Prices
2569,,Renegotiation Letters
2570,Meeting,CES deals
2571,,DRAFT Award Agreement
2572,,TE South Pass at capacity
2573,,New Zones
2574,!,EOL-Lower Colorado River Authority
2575,,Crescendo Alternatives
2576,,"conference call, Tuesday, November 30, 2:00 pm (Brazil time)"
2577,,Naming the New Company
2578,,Duke Situation
2579,,Mock Trial
2580,En,Update
2581,,Conflict Check
2582,,Blood Drive Update
2583,!,UC-Berkeley Graduate Student
2584,En,Aether Systems
2585,,"Goldman, Sachs & Co. ""Cllient Access Agreement"""
2586,En,Shaffer option
2587,,Counterparty Approval Lists for 9/26/00 9/28/00 and 9/29/00
2588,Meeting,Important Information Needed!!!!!!!!!
2589,Meeting,moved
2590,,California Update
2591,,Follow-up to ENA Orientation
2592,,PG&E Standstill
2593,,PGE Summary
2594,Meeting,meeting
2595,,MG FX terminations
2596,,First Amended Complaint
2597,En,Contact for Mary's phone
2598,,IMPORTANT EL PASO PHONE CHANGE - PLEASE READ
2599,,Soccer
2600,,ciso/calpx spreadsheet
2601,,New Years Eve Party
2602,,CNC Containers Termination
2603,,ABB rev 10
2604,,Entergy Koch ConfirmLogic
2605,!,Calpine petition
2606,,NETCO Books
2607,,New Round of Demand Letters?
2608,,Position for 23 & 24 tomorrow.
2609,,Urgent: Authorized signatories for wire transfers
2610,,SAT schedules
2611,,Weekly Environmental Activity Report Roswell Area
2612,,MIS
2613,,Haina Note
2614,,Email Introductions
2615,,going to austing for golf cart
2616,,Unify Gas Performance Testing
2617,,Pueblo
2618,,Associate Super Saturday
2619,!,EBV's Grand Slam Event - Thanks
2620,,BROADWAY'S THE LION KING IS COMING TO HOUSTON
2621,,Happy Birthday
2622,,Enron Wholesale Services Legal Department Monthly Report
2623,,ENRON
2624,En,Research Members
2625,Meeting,Today's 5:00 Update Meeting - 11/20/01
2626,,Pay request for ECS LLC Partnership distribution
2627,r,UBS
2628,,Exceutive Search Partners
2629,Meeting,Terry B. Wilcock
2630,,Need Your Help
2631,,Estimated volumes for the October 20th
2632,,Emmisions
2633,,Mapping Equipment
2634,,[EDIS] EQ MAG 6 3 ANDREANOF ISLANDS ALEUTIAN IS [News: Statewide]
2635,,ISDA for Peoples/Enron activities
2636,,Trader Training Sessions
2637,Meeting,Position Opening: Real Time Trading Opportunity
2638,,"Coral Energy Resources, L.P."
2639,,Product type approval - US Gas Phy Fwd Firm  or = 1Mo (INTERNAL ONLY)
2640,Meeting,Executive Viewer Report Publisher
2641,,I have a dream
2642,,[smu-betas] Grumbola
2643,,California Capacity Report for Week of 11/12-11/16
2644,,Post Enron employment issues
2645,,OPA Notice
2646,,Thanksgiving reporting (US Holiday)
2647,Meeting,The eerie accuracy continues
2648,,"Summary of NPC Meeting, Washington, D.C."
2649,,Revised Weather Products
2650,,Revised CESG Outline
2651,,Trip to Argentina
2652,,Bay Gas Storage
2653,En,Change of Price Increments in Henry Hub
2654,,Recommendations from 9/18 Meeting on Transaction Expense Controls / Delegations of Authority
2655,En,Weather Meeting
2656,Meeting,Small Business Admin. Evaluation of Enron's Subcontracting Program
2657,Meeting,Sign up for the Texas Exes Career Network
2658,,GS meeting
2659,,REORIENTATION
2660,En,Question for floor meeting
2661,,Enron/Delta Turbine Acquisition
2662,,Comments
2663,Meeting,Utilicorp.
2664,En,Data Problems
2665,,BP Name Change
2666,En,Mist Storage
2667,,New Forum
2668,,Reminder
2669,,Contact Information in London
2670,,May 19 Church Gourmet Cajun Dinner
2671,,EEX mtr 5999
2672,En,Confirmations - Transwestern with El Paso
2673,,Files
2674,,A.Word.A.Day--vivify
2675,Meeting,You are enrolled.
2676,Meeting,FORUM II MEETING - OCTOBER 15TH
2677,,Engage Energy US and Canada
2678,En,Siimmons & Company International
2679,!,Real Deals From Travelocity.com
2680,En,OMnet Agreement
2681,,using the eveningmba alias
2682,En,Mariner Term Sheet and Issues
2683,,Senate Debating Unfairness of Singling Out Private-sector Sellers for Investigation
2684,,Call to Discuss Possible Options to Mitigate Effect of DWR Contracts--Privileged and Confidential
2685,,AIDS Walk 2002
2686,,Amended letter agreement
2687,En,WEEKLY BUSINESS ACTIVITY UPDATES
2688,Meeting,My friend Jimmy
2689,En,Revised counterparty list for credit derivatives approval
2690,,ISDA Tax Issue
2691,,forgot
2692,,Open Enrollment Reminder
2693,,Transco Sims deal
2694,,travel update
2695,Meeting,Project Notre Dame Checklist.DOC
2696,En,"IntercontinentalExchange, LLC"
2697,,Are you up for the Challenge?
2698,,Code of Ethics -- What Exactly Did I Agree To?
2699,Meeting,Photos
2700,,Trading Track Interviews
2701,,Morgan Stanley Cal 04 Reserve for EOL
2702,,Canadian Immigration
2703,,S&P Mtg re: BME/RT Issues
2704,,Final 5 days: $60 rt buddy fares coast-to-coast
2705,,Proposed bonuses
2706,,ECT Investments Outstanding trades from Credit
2707,,BNP Paribas Commodity Futures RigWatch for 06/21/02
2708,,Revised Docs.
2709,En,CAED I and II closing (Intergen)
2710,,Payment Notice
2711,,Final... Williams and Dynegy clean assignments
2712,,CA Development Agreements
2713,Meeting,SOCO Netting Agreement
2714,,EcoElectrica LNG Requirements for Remainder of 2001
2715,,Request #25407
2716,,Open Enrollment DEADLINE TODAY
2717,Meeting,new monitors
2718,,Super Saturdays CANCELLED
2719,En,TRIP TO PORTLAND NEXT WEEK
2720,,Wire Instructions for Enron Entities
2721,,Enron Japan agreements (ISDA/futures/brokerage)
2722,,2001 Conference Questionnaire Reply
2723,,PGA TOUR CHAMPIONSHIP
2724,,Annex A
2725,,NYMEX ACCESS
2726,Meeting,Apology
2727,En,SoCal Unbundling
2728,Meeting,NFUL Parking Deal
2729,,Willamette confirms
2730,,Transco
2731,,Yo
2732,,MDEA et al and Enron transaction
2733,,SoCal GIR/Unbundling
2734,,Amendment to Fee Agreement
2735,,Citizens Dec 2000
2736,,Your Welcome
2737,,meet
2738,,June Deals
2739,Meeting,Evening Run?
2740,,October Propane - 8500 MT via Nelly Maersk or sub
2741,r,references Pablo Acevedo.
2742,,ENA Management Committee
2743,,Volume Management Addition: Eugene Lee
2744,,Delta Documents
2745,,Portfolio/Charter Review
2746,,Con Ed
2747,Meeting,Trader Meeting - 2/7 @ 7:45 a.m. (CST) - ECS 06752
2748,En,"Orange Bowl Bound on Wednesday, January 3"
2749,,Utility authority to engage in derivative transactions
2750,,"ETS Operations companies (1202, 42P, and 184)"
2751,,Outlook Web Access for Calgary
2752,,AREA CODE
2753,,HBU's Spirit of Excellence Gala
2754,,"Enron Corp. Guaranty in favor of First Union National Bank (""FUNB"")"
2755,En,Reminder
2756,En,EES revenue through customer DSM projects
2757,,DRAFT slides for Sempra Meeting
2758,,EnTouch Newsletter
2759,,Financial Trading Agreement Database Access
2760,,E-Signature Protocol
2761,Meeting,Employment Agreements on Port and Gorte
2762,Meeting,CAS Access Request
2763,,MAPP (Antelope Valley)
2764,,MP Energy Partnership
2765,,Family Courts Info. from Judge Squier
2766,!,Todoroff Prosecution--CONFIDENTIAL/SUBJECT TO ATTORNEY-CLIENT PRIVILEGE
2767,En,ISDA for Clark County PUD #1
2768,Meeting,Transition
2769,,In re Enron Petrochemicals Claim Against Underwriters/In re M/V PACIFIC VIRGO/In re M/V INDUSTRIAL BRIDGE
2770,,Critical
2771,,Straightline ( Division of U.S. Steel )
2772,,employment candidate
2773,,TXU Energy
2774,,Burlington Study - El Paso WIndow Rock I/C
2775,,Contracts
2776,En,ISG
2777,,"Enron Earth Day ""Trash Bash"""
2778,,Hey can I bum a Golf Ball
2779,Meeting,TIME OFF.
2780,,PGE Feb deals
2781,!,2001 Plan
2782,,October New Gen Report
2783,En,draft org. memo
2784,,California Contract Meeting
2785,,We will not be going out with Tych's group
2786,Meeting,French
2787,,Project
2788,,More Bookouts
2789,,ENA Group Expenses
2790,Meeting,Vacation day
2791,,Bridgeline
2792,,Change Counterparty Names-7/14/00 List
2793,Meeting,Vacation
2794,,Brokers
2795,,yo
2796,En,Local Prod
2797,En,Heartland Steel---CSN
2798,,EOL-Marathon Ashland Petrolleum
2799,,Online Trading for Australia
2800,,"Important PRC info-Read and Respond by Monday, June 11"
2801,,Escalade
2802,,WR613 Pitch System Performance (Energy)
2803,,WARNING: Your mailbox is approaching the size limit
2804,Meeting,Sale to ENA from New Power
2805,!,Missing in action
2806,,ISDA Master Agreement between Enron North America Corp. and Sociiete Industrielle de Transports Automobile S.A.
2807,En,Upcoming Lunch
2808,,Enron Entity for Financial Trading
2809,En,Associate & Analyst Mid-Year 2001 PRC Process
2810,En,Statoil/J. Aron
2811,En,WPS contract
2812,En,Hello!
2813,Meeting,Wedding
2814,,"Morgan Stanley, Williams and Richardson Products"
2815,,CGLF for tomorrow
2816,,Energy Expo-Houston April 30-May 2
2817,Meeting,MOS
2818,,Joint Market Structure and Scheduling & Pricing Working Group meeting RESCHEDULED
2819,En,contract issue
2820,,EPMI Employees working during the Labor Day Holiday
2821,,Houston - Ziff Energy Gas Strategies Conference
2822,,Update on what I'm working on.
2823,,ENEL Meeting
2824,,Finance Transaction Staffing
2825,,Energy Operations Contacts
2826,,Cycle 0 For All Pipeliines
2827,,2001/2002 Winter Capacity
2828,En,Bridgeline Partnership and Storage/Transportation Deals
2829,,Crude - Physical
2830,,Commerical PRC Meeting Date
2831,,Philippe Bibi
2832,,Lang Hanson
2833,,Expense Reports Awaiting Your Approval
2834,Meeting,Howdy
2835,,WPTF Considers Participating in Procurement OIR
2836,Meeting,Flight time on December 13 to Las Vegas
2837,,Energy Derivatives/Power Trading Seminars
2838,,AGA Report 12/27
2839,,FORM CHANGES: READ
2840,,Nicholas B-day
2841,Meeting,EFCU Gets You Connected
2842,Meeting,Trading Policy
2843,!,(no subject)
2844,En,Letter Agreement
2845,,Administration Wants to Talk to Me About CA's Gas Problems
2846,,Board Review of KCS
2847,,"The Morning Market Call - Wednesday September 26th, 2001."
2848,,Happy New Year
2849,,"Enron Teeside Operating Limited (""ETOL"")"
2850,,Friday Meetings on Netting Provisions - Details
2851,,rush approval
2852,,Christmas Holidays
2853,Meeting,Back in Active!
2854,En,Draft of October Event Invitation
2855,En,Belated congratulations...
2856,,Counterparties
2857,En,TW Response to CPUC Protest
2858,Meeting,Counterparty Name Change - Coral
2859,Appised,Power Indices
2860,,Confirmation October 3-4 Meeting
2861,,Int'l Coal & Broker Client
2862,En,"The Morning Market Call - Friday April 20th, 2001."
2863,,ENA / Coral Turbine Transaction
2864,,RR retirement
2865,En,short conference call
2866,!,Securities Litigation -- D & O Carriers
2867,,Master Netting Without Margin/Collateral Provisions
2868,,Navajo 03
2869,,Nella Gone
2870,,MG
2871,!,EnronOnline Market Descriptions
2872,En,Dan's mid-life crisis at 23
2873,En,MEH Meetings with Newsome & Stenholm
2874,En,Out of the office
2875,,IPTV
2876,,2000 Peakers
2877,Meeting,Capital Projects
2878,,USCG - Arrival message.
2879,,CP changes and new values
2880,,Transport contracts
2881,En,VEPCO scheduling
2882,Meeting,Domain name transfer agreement
2883,,Good to see you
2884,,Employee Meeting Postponed
2885,,Best wishes for you
2886,,Letter from California Republican leadership to Hertzberg/Burton--Proposal to Resolve California's Crisis
